tiêu đề,link truyện,thể loại,mô tả,link ảnh
Trị Liệu Sư Quá Mạnh,https://goctruyentranhvui16.com/truyen/tri-lieu-su-qua-manh,"Hài Hước, Manhwa, Phiêu Lưu, Hành Động","South Korea’s top hunter, 'Mad Dog' Min Si-woo. The moment he and his disciples defeated the Demon King! He was sent to another world,and after 100 years of battling in a monster-infested realm, he finally returned to Earth! ""But why has everyone forgotten about me?"" 100 years in the other world was only 10 years on Earth. Now, a seasoned veteran hardened by a century of bloodshed,Min Si-woo sets out to find his lost disciples and uncover the reason behind his erasure![Food supply, buy me some fried chicken.]...Alongside Fre, a mysterious being he met in the other world!",https://goctruyentranhvui16.com/image/tri-lieu-su-qua-manh-0000917077-10-02-2025/1MWLPXrJI3NFosZvWE94aZzVYOu99mu3G?code=gtt-yes
Tôi Là Người Chơi Duy Nhất Đăng Nhập,https://goctruyentranhvui16.com/truyen/toi-la-nguoi-choi-duy-nhat-dang-nhap,"Hành Động, Manhwa, Siêu Nhiên","Jung Si-woo 11 tuổi chưa bao giờ có bạn bè, bởi vì không có gì thú vị về anh ta. Anh ấy đã sống một cuộc sống trung bình như một người bình thường trong một thế giới trung bình. Nhưng đột nhiên, trái đất phải đối mặt với một sự thay đổi lớn khi 'Lâu đài trên bầu trời' trôi nổi bí ẩn xuất hiện. 'Lâu đài bầu trời' đã cấp cho một số người đôi cánh và sức mạnh, nhưng thật không may, Si-woo không phải là một trong số họ.",https://goctruyentranhvui16.com/image/toi-la-nguoi-choi-duy-nhat-dang-nhap-0000058103-03-06-2021/1JDeIaZ0o_3FDbpcee-D7q51LoxGxypni?code=gtt-yes
Thợ Săn Chơi Thuốc,https://goctruyentranhvui16.com/truyen/tho-san-choi-thuoc,"Phiêu Lưu, Shounen, Hành Động, Manhwa","Một ngày nọ, một cánh cổng bất ngờ mở ra trên thiên đường, kéo theo sự xâm lăng của lũ quái vật và sự can thiệp của các tu sĩ vào thế giới loài người. 『Cơ quan Quản lý“ Cà phê ”Thuốc Kỳ diệu』 『Thành phần dược liệu: Caffeine và đường』 ☞ Cung cấp năng lượng ☞ Kích thích hệ thần kinh trung ương ☞ Tối đa hóa các giác quan và phản xạ Cả thế giới dường như chậm lại và thuốc của Hanyul bắt đầu cho thấy tác dụng thực sự của chúng.",https://goctruyentranhvui16.com/image/tho-san-choi-thuoc-0000312768-09-10-2022/1EWHrOzxiA9XgV2XhWPv1Ppzlm-xW3V5O?code=gtt-yes
Con Đường Của Võ Giả,https://goctruyentranhvui16.com/truyen/con-duong-cua-vo-gia,"Hành Động, Phiêu Lưu, Manhwa",Updating,https://goctruyentranhvui16.com/image/con-duong-cua-vo-gia-0000957154-10-03-2025/1Bd6B3jxsy6k200zFTiVlQ-LHBTaoL2vK?code=gtt-yes
Seoul Tử Linh Sư,https://goctruyentranhvui16.com/truyen/seoul-tu-linh-su,"Webtoons, Phiêu Lưu, Khoa Học, Manhwa, Hài Hước","""Cái này là cái gì?"" Một hồn ma đã trở lại trái đất sau 20 năm, và ga tàu điện ngầm… Không, nó đã trở thành một ngục tối. Cúi đầu trước sự uy nghiêm của đội quân một người này khi tôi bắt đầu chiếm đoạt thế giới.",https://goctruyentranhvui16.com/image/seoul-tu-linh-su-0000083253-18-10-2021/1k4CcMzUUWJ0p6e8NzJcF2jd3RtgQ8utg?code=gtt-yes
Ta Trời Sinh Đã Là Nhân Vật Phản Diện,https://goctruyentranhvui16.com/truyen/ta-troi-sinh-da-la-nhan-vat-phan-dien,"Manhua, Viễn Tưởng, Truyện Màu, Võ Thuật","Cố Trường Ca xuyên không trở thành nhân vật phản diện, làm thiếu chủ một trường sinh thế gia, hắn phải đối mặt với đủ loại motip nhân vật chính: khí vận chi tử quật khởi; tiểu muội muội phiên bản tuổi nhỏ của Hoang Thiên đế có thâm thù đại hận với hắn; vị hôn thê xuyên không từ 3000 năm sau về trả thù; truyền nhân của Cổ Thiên Tôn, cường giả trọng sinh đoạt xá sống lại; chí cường giả luân hồi chuyển thế; Đế tử trùng sinh, thánh nữ là người xuyên không từ địa cầu ( đồng hương); nhóm người xuyên không từ hành tinh khác tới - phiên bản của Diệp Thiên Đế trong Già Thiên.... Hắn thân phụ hệ thống Cướp đoạt khí vận, tu luyện Thôn Tiên Ma Công, lấy thôn phệ tu vi, bản nguyên để tu luyện. Hãy cùng theo dõi bộ truyện: ""Ta! Thiên mệnh đại nhân vật phản phái"" để xem Cố Trường Ca làm thế nào để hoá giải thù hận của muội muội và vị hôn thê, từng bước đưa từng khí vận chi tử vào thế thanh bại danh liệt, nêu cao lá cờ chính nghĩa để mưu đồ cá nhân tính kế cả thiên hạ trong lòng bàn tay, đi đến đỉnh phong của nhân vật phản diện!",https://goctruyentranhvui16.com/image/ta-troi-sinh-da-la-nhan-vat-phan-dien-0000160786-04-04-2022/17TgIkWWYFpDl8U0tiFgeqVGstPIYUbNU?code=gtt-yes
Cậu Nhỏ Nhà Công Tước Là Sát Thủ Hồi Quy,https://goctruyentranhvui16.com/truyen/cau-nho-nha-cong-tuoc-la-sat-thu-hoi-quy,"Phiêu Lưu, Huyền Bí, Manhwa, Hành Động","Cyan Vert, sát thủ giỏi nhất lục địa, gặp cái chết thương tâm sau khi bị chính anh trai mình, người mà anh tin tưởng cả đời, phản bội. Nếu tôi được trao một cơ hội khác trong cuộc sống, tôi sẽ sống khác đi. Tôi sẽ chỉ tin tưởng vào bản thân mình và tự mình đạt được tất cả những điều tôi muốn mà không phục vụ ai khác ngoài chính mình. Đó là cách tôi được trao cơ hội sống thứ hai. Cyan Vert, một cái bóng sống vì người khác, không còn nữa. Bây giờ tôi sẽ tự mình mở đường cho chính mình!",https://goctruyentranhvui16.com/image/cau-nho-nha-cong-tuoc-la-sat-thu-hoi-quy-0000501393-28-02-2024/1DPCUEzx-0gM_Yt8bwthsfg8sM6YnhZ_C?code=gtt-yes
Hardcore Leveling Warrior: Earth Game,https://goctruyentranhvui16.com/truyen/hardcore-leveling-warrior--earth-game,"Viễn Tưởng, Manhwa, Huyền Bí, Hành Động","SS3 Lucid Adventure - Một ứng dụng cho phép người dùng mơ và tham gia trò chơi cùng một lúc. Main là nhân vật bá dzơ với tất cả thông số đều max và đang là người chơi xếp hạng 1. Pee kịck xảy ra khi 1 em gái ất ơ nào đó cải trang thành 1 cháu noob canh lúc main đang phê thọt cho 1 nhát, cướp sạch item và để quái bụp main lên dĩa. Đặc điểm ở trò chơi này là khi tạch, tất cả thông số sẽ trở về 1, cháu main lầy lội max 999 từ thiên đường rơi xuống địa ngục trần game, trước khi được 1 em bánh bao bự cỡ cái tô ra tay nghĩa hiệp cứu với đời zai và tiếp tục hành trình trần ai khoai củ của mình. - Một bộ truyện về game mang tính chất bựa lòi siêu nhộn vừa mới ra mắt trên mạng chương 1 chưa được 1 tuần đã được ComicVN tha về Việt hoá - Đây là bộ truyện độc đáo bởi main bị nerf chứ không được buff như truyện khác :v Lucid Adventure - Một ứng dụng cho phép người dùng mơ và tham gia trò chơi cùng một",https://goctruyentranhvui16.com/image/hardcore-leveling-warrior-ss3-0000473295-27-11-2023/145BPPHTf-qBJaY3z1Rc9xnOJLjtQLhVZ?code=gtt-yes
Con Trai Út Nhà Ha Buk Paeng,https://goctruyentranhvui16.com/truyen/con-trai-ut-nha-ha-buk-paeng,"Hành Động, Phiêu Lưu, Võ Thuật, Manhwa, Bi Kịch","( 북팽가 막내아들)Sức mạnh lớn nhất của Ha-Buk-Paeng, Paeng Jihuk. Paeng Jihuk đến Nakhogok để cứu một gia đình khỏi bị ma quỷ tấn công, nhưng mọi thứ chỉ là một cái bẫy. Trên bờ vực của cái chết, anh ta trở nên tức giận trước thực tế là anh ta đã bị bỏ rơi bởi gia đình anh ta yêu thương. “Một lần nữa… Nếu tôi được cho một cơ hội nữa…!” Paeng Jihuk, người đã nghĩ rằng mình đã chết, tỉnh dậy trong một căn phòng trong xác của chủ nhân của Ha -Buk-Paeng. Sự trả thù của thiếu gia Peng",https://goctruyentranhvui16.com/image/con-trai-ut-nha-ha-buk-paeng-0000087496-06-11-2021/14JVA_lRv8bWhBFxh5K5HIWPePy5YD68d?code=gtt-yes
Đại Phụng Đả Canh Nhân,https://goctruyentranhvui16.com/truyen/dai-phung-da-canh-nhan,"Võ Thuật, Huyền Bí, Manhua, Hành Động","Thế giới này, có nho; có đạo; có phật; có yêu; có thuật sĩ. Tốt nghiệp trường cảnh sát Hứa Thất An yếu ớt tỉnh lại, phát hiện chính mình thân ở trong lao ngục, ba ngày sau lưu vong biên thuỳ. . . . . Hắn mới đầu mục đích chẳng qua là tự vệ, thuận tiện tại cái này không có nhân quyền trong xã hội làm cái phú gia ông nhàn nhã sống qua ngày.",https://goctruyentranhvui16.com/image/dai-phung-da-canh-nhan-0000584474-20-07-2024/1h9G_-obESpxRS27EU614Hw4AuXcLilnv?code=gtt-yes
Thiết Huyết Kiếm Sĩ Phục Thù,https://goctruyentranhvui16.com/truyen/thiet-huyet-kiem-si-phuc-thu,"Trùng Sinh, Hành Động, Võ Thuật, Phiêu Lưu, Manhwa","Anh là chó săn của gia tộc Baskerville: Vikir. Tuy nhiên, lòng trung thành của anh đã được đền đáp bằng lưỡi dao chém vấy bẩn bởi lời vu khống. ""Tôi sẽ không bao giờ sống cuộc sống của một con chó săn bị giết sau khi bắt được thỏ."" Thay vì cái chết, một cơ hội bất ngờ đang chờ đợi anh. Đôi mắt của Vikir sáng lên màu đỏ khi anh mài nanh trong bóng tối. ""Cứ đợi đó, Hugo. Lần này tôi sẽ xé toạc cổ họng của anh."" Đã đến lúc con chó săn trả thù đẫm máu chủ nhân của mình.",https://goctruyentranhvui16.com/image/thiet-huyet-kiem-si-phuc-thu-0000396532-15-04-2023/1fXtUMkMS_E0LxJ1cctL_LArPD91-hgo3?code=gtt-yes
Thể Thao Cực Hạn,https://goctruyentranhvui16.com/truyen/the-thao-cuc-han,"Drama, Học Đường, Manhwa","Jay là một học sinh hoàn hảo. Anh ấy được nhận thẳng là As và anh ấy là chủ tịch hội sinh viên. Nhưng sau khi bị ép buộc tham gia đội xe đạp của trường, Hummingbird Crew, anh ấy khám phá ra một thế giới hoàn toàn mới bên ngoài việc học tập. Anh ta sẽ phải đối mặt với những cuộc phiêu lưu mới nào ngoài sự thoải mái của sách giáo khoa?",https://goctruyentranhvui16.com/image/the-thao-cuc-han-0000061139-26-06-2021/1KDmrLllnOp_jIbViK4wloXcHW-3o8ld7?code=gtt-yes
Tự Kỷ Luật Ta Đây Bất Khả Chiến Bại,https://goctruyentranhvui16.com/truyen/tu-ky-luat-ta-day-bat-kha-chien-bai,"Manhua, Phiêu Lưu, Hành Động, Võ Thuật","Đây là một thế giới yêu ma tiềm tàng, vạn tộc san sát, hơi không chú ý, chính là cá lớn nuốt cá bé. Nhưng tất cả những điều này không liên quan đến Lý Đán, bởi vì miễn là kỷ luật tự giác, có thể nhận được phần thưởng tương ứng, sau đó trở nên hoàn hảo vô địch! ""Đinh: Chúc mừng túc chủ kiên trì vận động mỗi ngày, đạt được một bộ công pháp luyện thể đỉnh cấp."" ""Đinh: Tuyên bố nhiệm vụ tự kỷ luật mới, kiên trì một tháng thổ lộ mỹ nữ xinh đẹp trong tông môn, thưởng cho một thân thiên phú thần bí.""",https://goctruyentranhvui16.com/image/tu-ky-luat-ta-day-bat-kha-chien-bai-0000988468-30-03-2025/1bIDfXO48l-BYAmhMMDmtsaO9NTlRnKkx?code=gtt-yes
Bắt Đầu Với Trăm Vạn Minh Tệ,https://goctruyentranhvui16.com/truyen/bat-dau-voi-tram-van-minh-te,"Hành Động, Phiêu Lưu, Manhua, Huyền Bí","Lâm Ngự vô tình thức tỉnh ""Hệ Thống Thần Hào"" mỗi ngày đều phát tiền nhưng tiền hệ thống phát lại là minh tệ (tiền dành cho người chết) không thể nào sử dụng được! Vài năm sau, minh tệ tích lũy đạt đến mức nghìn tỷ, nỗi kinh hoàng đột ngột xuất hiện, những trò chơi kinh dị xuất hiện trên toàn cầu, chỉ có cách trở thành ngự quỷ giả (người bắt quỷ), bạn mới có thể tìm được con đường sống sót! Những người khác thì sợ hãi nịnh hót ác quỷ, còn Lâm Ngự thì dựa vào hệ thống Thần Hào của bản thân, tại phó bản kinh dị thăng cấp từng ngày! Hóa ra có tiền mua tiên cũng được!",https://goctruyentranhvui16.com/image/bat-dau-voi-tram-van-minh-te-0000580097-15-07-2024/1Sbr6BhbWYtI9zKJB-_KknfwZUMD6CuRT?code=gtt-yes
Thảm Họa Tử Linh Sư,https://goctruyentranhvui16.com/truyen/tham-hoa-tu-linh-su,"Phiêu Lưu, Manhua, Huyền Bí","Trò chơi đã trở thành hiện thực, luật lệ của thế giới bị đảo lộn và nhân loại đã bước vào kỷ nguyên trở thành người chơi với thế giới được coi là một sân khấu trò chơi. Cách duy nhất để trở thành người chơi là tăng cấp để trở nên mạnh mẽ hơn! Cách duy nhất để vươn lên dẫn đầu thế giới! Vào ngày hợp nhất thế giới, Lin Moyue đã chọn đảm nhận chức nghiệp ẩn duy nhất, Necromancer. Từ đó trở đi, Lin Moyue sẽ không chết cho đến khi sinh vật được triệu hồi của anh biến mất. ""Tôi ngồi trên ngai xương với tư cách là Thần chết và bước đi giữa sự sống và cái chết."" ""Tôi là một thảm họa biết đi!""",https://goctruyentranhvui16.com/image/tham-hoa-tu-linh-su-0000473355-27-11-2023/12622Rw0Jm9Ze7aE-m6M04LkR5ndRVf4E?code=gtt-yes
Hành Tinh Quái Vật,https://goctruyentranhvui16.com/truyen/hanh-tinh-quai-vat,"Drama, Siêu Nhiên, Huyền Bí, Phiêu Lưu, Manhwa, Hành Động","Đội trưởng lực lượng đặc biệt Hàn Quốc 'Kang San' và nữ sĩ quan quân đội 'Kim Bi-yeon' gặp tai nạn bất ngờ trong quá trình huấn luyện xuống cấp. Ngay sau khi vụ tai nạn xảy ra, một thế giới xa lạ đã mở ra trước mắt hai người họ. Một câu chuyện sinh tồn tuyệt vọng của hai người đàn ông và phụ nữ diễn ra trong một thế giới xa lạ!",https://goctruyentranhvui16.com/image/hanh-tinh-quai-vat-0000274806-29-08-2022/1xv55MeshfCnT3DSw-4cMD_Z71U0u3KVY?code=gtt-yes
Toàn Dân Chuyển Chức: Duy Ta Vô Chức Tán Nhân,https://goctruyentranhvui16.com/truyen/toan-dan-chuyen-chuc--duy-ta-vo-chuc-tan-nhan,"Manhua, Phiêu Lưu, Hành Động, Võ Thuật","Vào một năm kia, toàn cầu dị biến, trò chơi buông xuống hiện thực, ma tai bắt đầu tàn sát bừa bãi. Vì để chống cự, mỗi người đều phải quy hoạch chức nghiệp lựa chọn, điên cuồng thăng cấp, tranh thủ biến cường. Có người lựa chọn pháp gia cao quý, có người lựa chọn triệu hoán sư, triệu hoán vật kỳ lạ ùn ùn không dứt, vây đánh tử địch của con người. Nhưng để mọi người mở rộng tầm mắt chính là,vân thần bị gửi lấy kỳ vọng cao thi đại học lại lựa chọn không chuyển chức, nắm một cái không có chức tán nhân!",https://goctruyentranhvui16.com/image/toan-dan-chuyen-chuc-duy-ta-vo-chuc-tan-nhan-0000653627-21-08-2024/12Qd2NLwTb9eFDiKENMyalH2JgcnoFoCT?code=gtt-yes
Buff May Mắn,https://goctruyentranhvui16.com/truyen/buff-may-man,"Hành Động, Manhua, Phiêu Lưu",Updating,https://goctruyentranhvui16.com/image/buff-may-man-0000964427-14-03-2025/1R2xicrmnhyPu0eaoqRYOpn2wVNo6Mlf9?code=gtt-yes
Tôi Là Người Chơi Leo Tháp Một Mình,https://goctruyentranhvui16.com/truyen/toi-la-nguoi-choi-leo-thap-mot-minh,"Manhwa, Viễn Tưởng, Shounen, Game","Sau khi bị mắc kẹt trong 12 năm trong một tòa tháp đầy quái vật tái sinh, Hyeonu Kim mạnh mẽ hơn bất kỳ con người hay quái vật nào trên Trái đất. Giờ đây, khi được tự do, anh ta quyết tâm tìm ra kẻ đứng sau việc giam cầm mình, ngay cả khi điều đó có nghĩa là anh ta phải giết lũ quái vật - và vô tình cứu thế giới - trên đường đi. Một thợ săn bị mắc kẹt trong tháp hướng dẫn do một lời nguyền. Rời khỏi tòa tháp sau 12 năm!",https://goctruyentranhvui16.com/image/toi-la-nguoi-choi-leo-thap-mot-minh-0000042445-25-04-2021/1wLYzNH7sIkN2ngKzep08Dndz252z2dd5?code=gtt-yes
Diễn Viên Thiên Tài Mang Lại Bất Hạnh,https://goctruyentranhvui16.com/truyen/dien-vien-thien-tai-mang-lai-bat-hanh,"Huyền Bí, Manhwa, Drama, Shounen","“Bạn sẽ bị tổn thương nếu bạn ở gần anh ấy.” “Tôi không biết tại sao anh ấy lại xui xẻo như vậy.” “Yeonjae, tôi sợ bạn…” “Lee Yeonjae,” bị mọi người tránh xa như thể chỉ cần ở gần anh ấy là sẽ gặp xui xẻo. Ngay cả anh ấy cũng thấy kỳ lạ. Tại sao...",https://goctruyentranhvui16.com/image/dien-vien-thien-tai-mang-lai-bat-hanh-0000850940-26-12-2024/1I8B9eNNUFlaC0bcjRsD4CAtlQaR42sEV?code=gtt-yes
Câu Lạc Bộ Truyện Ma,https://goctruyentranhvui16.com/truyen/cau-lac-bo-truyen-ma,"Shounen, Huyền Bí, Kinh Dị, Học Đường, Manhwa, Siêu Nhiên","Lee Joon là một học sinh trung học bình thường. Trong buổi lễ nhập học, anh ta bị cuốn vào một hiện tượng kỳ lạ và chết. [Bạn đã chết.] [Đang khởi động lại từ trạm kiểm soát.] [Đang tải…] Nhưng sau đó, một thông báo hiện ra trước mắt anh. 『Chúc mừng bạn đã được nhận vào học tại Nakseong Highschool, ngôi trường của những bí mật và bí ẩn. Khám phá những bí mật mờ ám ẩn trong trường hoặc chiến đấu chống lại những truyền thuyết và câu chuyện ma trong khuôn viên trường để kiếm điểm để mở khóa các khả năng đặc biệt. Ngoài ra, bạn phải tập hợp đồng đội để ngăn chặn sự phục sinh của Quỷ Vương trước khi tốt nghiệp. Thế giới nằm trong tay bạn. 』",https://goctruyentranhvui16.com/image/cau-lac-bo-truyen-ma-0000257235-13-08-2022/1HvJFtZs9P1MOqAOMfCScIogDzzN_6U3t?code=gtt-yes
Thần Khí Huyền Thoại Của Người Chơi Thiên Tài,https://goctruyentranhvui16.com/truyen/than-khi-huyen-thoai-cua-nguoi-choi-thien-tai,"Phiêu Lưu, Manhwa, Huyền Bí, Võ Thuật, Hành Động","Nhà giả kim vô pháp thuật cấp độ 1, Kim Simun Vào ngày Trái đất bị phá hủy, anh đã tạo ra Hòn đá triết gia, có thể biến mọi thứ thành có thể, miễn là thỏa mãn được sự trao đổi tương đương. ""Mọi thứ đều có thể, anh nói vậy sao?"" Điều anh muốn ngay bây giờ là trả thù kẻ phản diện đã phá hủy Trái đất và giết chết em trai mình, và sống một cuộc sống không vô pháp thuật! Anh nghĩ rằng mình đã kết thúc cuộc đời chỉ toàn hối tiếc... Nhưng khi mở mắt ra, anh thấy mình đã quay trở lại 11 năm trước? ""Lần này..."" Anh sẽ sửa chữa cuộc sống khốn khổ của mình như một người vô pháp thuật, và thay đổi tất cả những sự kiện không may sắp xảy ra!",https://goctruyentranhvui16.com/image/than-khi-huyen-thoai-cua-nguoi-choi-thien-tai-0000896877-27-01-2025/1aJ34pwtJa9MKyvlqEo6uS9nRWlNypcdd?code=gtt-yes
Thiên Ma 3077,https://goctruyentranhvui16.com/truyen/thien-ma-3077,"Huyền Bí, Phiêu Lưu, Manhwa, Viễn Tưởng, Hành Động","Sau vô số năm, Thiên Ma bị phong ấn trong Thái Sơn cuối cùng cũng thức tỉnh, chỉ để phát hiện ra rằng loài người đã từ bỏ Trái Đất ngập tràn phóng xạ từ lâu và hiện đang khám phá những vùng xa xôi của thiên hà.",https://goctruyentranhvui16.com/image/thien-ma-3077-0000652848-21-08-2024/15EfTdXDs6_XnwSrgtGp86UZHXKbf-xne?code=gtt-yes
Kẻ Thống Trị Kịch Bản,https://goctruyentranhvui16.com/truyen/ke-thong-tri-kich-ban,"Phiêu Lưu, Drama, Hài Hước, Manhwa","“Jae-hee, sao lúc nào anh cũng mang theo hai kịch bản thế?” “Ờ, tôi có thể làm mất một cái.” Nói dối đấy. Một cái để mang theo khi đi quay và khoe với người khác. Cái còn lại là… [Phim truyền hình ‘Youth Train’ có thể xem được.] [Anh có muốn xem không?] Tôi dùng để xem. Tôi đọc ngấu nghiến kịch bản, biến nó thành của riêng mình. Câu chuyện về Jae-hee, một diễn viên có thể xem hết 100% kịch bản.",https://goctruyentranhvui16.com/image/ke-thong-tri-kich-ban-0000987115-29-03-2025/1Bta66ZbroX62EDw1i5VuTqV46-fV1aph?code=gtt-yes
Hoạn Quan Hồi Quy: Tróc Phong Truy Nguyệt,https://goctruyentranhvui16.com/truyen/hoan-quan-hoi-quy--troc-phong-truy-nguyet,"Trùng Sinh, Manhwa, Hành Động, Phiêu Lưu, Võ Thuật, Hài Hước","Hắn là một Cựu Thái Giám Hồi Quy nhằm khôi phục Bản Lĩnh Đàn Ông của mình, Sau khi bị ô tô đâm, hắn chuyển sinh thành một tên thái giám quyền lực nhất thiên hạ chỉ sau hoàng đế, có thể nói là ""Trên Vạn Người Dưới Một Người"". Các độc giả hãy cùng đón xem diễn biến câu chuyện sẽ diễn ra như nào nếu tên Hoạn Quan này lại hồi quy một lần nữa nhé!!!",https://goctruyentranhvui16.com/image/hoan-quan-hoi-quy--troc-phong-truy-nguyet-0000738181-30-09-2024/1zy9RtJpNjPv0HT3C-gaiX2FWy9fuep_v?code=gtt-yes
Nhà Hàng Âm Phủ,https://goctruyentranhvui16.com/truyen/nha-hang-am-phu,"Manhwa, Phiêu Lưu, Hài Hước","8...8...8,2 tỷ ư? Một toà nhà 8,2tỷ bất ngờ xuất hiện trên thế giới này!! Và… nhà hàng? Hành vi của những vị khách đến nhà hàng vô cùng đáng nghi và hoàn toàn đầy sự khó hiểu……. Nó diễn ra tại giữa Seoul Câu chuyện cảm động lạnh cả xương sống Mỗi ngày từ 11 giờ đêm đến 1 giờ sáng Nhà hàng nơi suối vàng , từ bây giờ bắt đầu kinh doanh!",https://goctruyentranhvui16.com/image/nha-hang-am-phu-0000592621-25-07-2024/1lvgsG3DrLJgbQgmZUQPEWKRSgRNFIb9-?code=gtt-yes
Truyền Võ,https://goctruyentranhvui16.com/truyen/truyen-vo,"Phiêu Lưu, Manhua, Võ Thuật, Hành Động","""Truyền Võ"" là bộ truyện tranh manhua thuộc thể loại huyền huyễn, tu tiên. Hắn nói: ""Trên thế giới giới không nên có quỷ"". Sau đó, thế giới này dần trở nên trong sạch.",https://goctruyentranhvui16.com/image/truyen-vo-0000816510-14-11-2024/1rxEA-9BQK-AiE72pFoOFvYJOFtFN7bmt?code=gtt-yes
Máu lạnh,https://goctruyentranhvui16.com/truyen/mau-lanh,"Huyền Bí, Võ Thuật, Lịch Sử, Manga, Hành Động, Bi Kịch","Vó ngựa chinh phạt trời Âu của Mông Cổ bị ngăn bước bởi dịch bệnh quái ác biến Thiết Mộc Chân thành quái vật sợ ánh sáng mặt trời và tự kết liễu đời mình, trước cuộc chiến với kẻ thù không tên này, liệu đế chế Mông Cổ sẽ đối phó ra sao?",https://goctruyentranhvui16.com/image/mau-lanh-0000988069-30-03-2025/1MrKXU_WOtkNAFquj8TPAU_aBgOPixBBj?code=gtt-yes
Đồ Đệ Của Ta Đều Là Đại Phản Phái,https://goctruyentranhvui16.com/truyen/do-de-cua-ta-deu-la-dai-phan-phai,"Hành Động, Manhua, Huyền Bí, Viễn Tưởng","Lục Châu tỉnh lại sau giấc ngủ, bỗng trở thành tổ sư gia ma đầu cường đại nhất, già nhất, thế gian; còn có chín tên đồ đệ với tội ác chồng chất, uy chấn thiên hạ . Đại đồ đệ là giáo chủ của U Minh giáo, có thủ hạ là ngàn vạn ma chúng, nhị đồ đệ Kiếm Ma một lời không hợp liền khai sát giới...... Không có một thân tu vi, làm thế nào để điều giáo đám ác đồ này đây. Đại đồ đệ Vu Chính Hải: Lão phu cả đời này đánh đâu thắng đó, ngoại sư phụ lão nhân gia ông ta ra, thì ai cũng đừng hòng cưỡi lên đầu ta. Thất đồ đệ Tư Vô Nhai: Sư phụ bất tử, bọn ta ăn ngủ không yên mà......",https://goctruyentranhvui16.com/image/do-de-cua-ta-deu-la-dai-phan-phai-0000547255-07-06-2024/1B6UPepnU0Dyce3XyQ2qrXGCbFEmA3-24?code=gtt-yes
Trở Lại Thành Người Chơi,https://goctruyentranhvui16.com/truyen/tro-lai-thanh-nguoi-choi,"Webtoons, Phiêu Lưu, Manhwa, Hành Động","Một ngày nọ cả thế giới bỗng trờ thành một trò chơi. Quái vật xuất hiện và bắt đầu giết chóc, con người trở thành nhân vật trong trò chơi ấy và bị buộc phải thực hiện các nhiệm vụ. Một người chơi tên Kim Sehan sau khi hoàn thành trò chơi đã được trao cho cơ hội thứ hai sau khi loài người bị tuyệt diệt. Liệu anh ta có thể chiến thắng thế lực đã khiến cả thế giới biến thành chiến trường?",https://goctruyentranhvui16.com/image/tro-lai-thanh-nguoi-choi-0000025775-2021-02-/1p69TrHOBY_66yYbEASXulVbAC0ySALHL?code=gtt-yes
Chế Ngự Kiếm,https://goctruyentranhvui16.com/truyen/che-ngu-kiem,"Manhwa, Phiêu Lưu, Hành Động, Võ Thuật","Nhân vật chính của truyện luôn được định trước. Dù nhân vật phụ có cố gắng bao nhiêu thì vẫn chỉ là nhân vật phụ mà thôi. Nhưng một ngày điều đó đã thay đổi. [Leon, ngươi nghĩ mình đủ khả năng sao?] Kiếm thánh đáng ra phải chọn người hùng trong lời tiên tri lại về tay hắn. Gì cơ? Bạn bất tài, nghèo khó và chẳng có ai chống lưng á? Đừng lo! Người hùng với thanh kiếm thánh có thể giải quyết mọi chuyện tới rồi đây! “...Có một khoảng thời gian ta cũng nghĩ như vậy. ” Đây là nơi bắt đầu của hành trình người hùng của Leon.",https://goctruyentranhvui16.com/image/che-ngu-kiem-0000201101-05-06-2022/1ODb68XC_D3il9Le8LiTKE_8SaLkRdKku?code=gtt-yes
Phản Diện Tóc Vàng Trong Tiểu Thuyết Phượng Ngạo Thiên Cũng Muồn Hạnh Phúc,https://goctruyentranhvui16.com/truyen/phan-dien-toc-vang-trong-tieu-thuyet-phuong-ngao-thien-cung-muon-hanh-phuc,"Drama, Phiêu Lưu, Hành Động, Hài Hước, Manhwa",Updating,https://goctruyentranhvui16.com/image/phan-dien-toc-vang-trong-tieu-thuyet-phuong-ngao-thien-cung-muon-hanh-phuc-0000943589-28-02-2025/1mo01dap0QdNCBUrehMgCG3FbiQUyYztS?code=gtt-yes
Xích Nguyệt,https://goctruyentranhvui16.com/truyen/xich-nguyet,"Hành Động, Drama, Manhwa, Huyền Bí","Tổ chức tuyệt đối “Xích Nguyệt”, huy động các thành viên với sức mạnh của glia, một loại siêu năng lực, khiến ngay cả tổng thống cũng phải quỳ gối! Đất nước này đã trở thành 'Đất nước của Xích Nguyệt'. Chính phủ đang tìm cách tiêu diệt Xích Nguyệt, cội rễ của cái ác. Một người có tiềm năng tương đương với Shin Young-woo, chủ tịch của Xích Nguyệt. Họ phát hiện ra Ryu Si-hwan và phát triển một loại thuốc mới sử dụng máu của anh ấy để trở nên trẻ hơn. Với loại thuốc mới đó, chủ nhân cũ đã dồn Shin Young-woo vào quá khứ và thế hệ thứ 4 của những kẻ bất lương, trở lại thời trẻ của mình. Liệu những kẻ bất lương thế hệ thứ 4 có thể nâng cao tiềm năng của Ryu Si-hwan và phá hủy Xích Nguyệt?",https://goctruyentranhvui16.com/image/xich-nguyet-0000161003-04-04-2022/18_1otRWr-1WiOISTVHOS2OX55e8b1_uO?code=gtt-yes
Debut Or Die,https://goctruyentranhvui16.com/truyen/debut-or-die,"Drama, Manhwa, Webtoons",Updating,https://goctruyentranhvui16.com/image/debut-or-die-0000933078-21-02-2025/1vgIshaVl4kn7muXivycuH5W3Hq4KTKh7?code=gtt-yes
Sức Mạnh Tối Đa? Ta Lại Là Vong Linh Sư!,https://goctruyentranhvui16.com/truyen/suc-manh-toi-da--ta-lai-la-vong-linh-su-,"Phiêu Lưu, Huyền Bí, Manhua, Hành Động","Kiều Du tiến vào vũ trụ thứ nguyên đạt được chức nghiệp bí ẩn là ""Vong Linh Sư"". Tuy nhiên, tại điểm xuất phát, cả trí lực và tinh thần của Kiều Du đều bằng 0, và anh ta còn có một tài năng rất kỳ quặc. Kiều Du phẫn nộ đã tăng hết điểm thuộc tính vào Sức mạnh! Ai nói ""Vong Linh Sư"" không thể đối mặt trực tiếp với người chơi? Nhìn xem Kiều Du một đấm chết Mộng Xà đến từ thế giới khác, những người chơi trong thế giới đó đều điên cuồng. Anh trai à, xin đừng đối đầu trực tiếp với người chơi nữa! Anh là một ""Vong Linh Sư"" đó! Xin anh hãy triệu hồi một linh hồn đi!",https://goctruyentranhvui16.com/image/suc-manh-toi-da--ta-lai-la-vong-linh-su--0000836360-06-12-2024/1Bv1uHwc2AW-w04zfdL0ACx17N1hupuTw?code=gtt-yes
"Khởi Đầu Vật Giá Sụt Giảm, Ta Trở Thành Nhà Giàu Số Một Thế Giới!",https://goctruyentranhvui16.com/truyen/khoi-dau-vat-gia-sut-giam--ta-tro-thanh-nha-giau-so-mot-the-gioi-,"Manhua, Huyền Bí, Hài Hước, Phiêu Lưu, Hành Động","Một giấc ngủ dậy, thế giới đã thay đổi! Toàn bộ giá cả trên thế giới giảm xuống một triệu lần, chỉ riêng số tiền của tôi vẫn giữ nguyên giá trị ban đầu, khiến tôi sở hữu tài sản vượt qua cả người giàu nhất thế giới! Nhiều tiền như vậy thì phải tiêu như thế nào đây…",https://goctruyentranhvui16.com/image/khoi-dau-vat-gia-sut-giam--ta-tro-thanh-nha-giau-so-mot-the-gioi--0000976746-22-03-2025/1tOcjTUgw4zyjmsC3P2thIL15bqkJS8TS?code=gtt-yes
Nguyên Lai Ta Là Tu Tiên Đại Lão,https://goctruyentranhvui16.com/truyen/nguyen-lai-ta-la-tu-tien-dai-lao,"Hài Hước, Võ Thuật, Hành Động, Manhua, Trùng Sinh, Phiêu Lưu","Từ một thế giới tu tiên đang trên đà xuống dốc , sự xuất hiện của hắn giống như thổi một làn sức sống mới ngăn chặn sự xuống dốc đó . Từ sau đại kiếp , Long môn , Địa Phủ , Thiên Cung bị phong bế đều bởi vì hắn mà lần lượt mở ra ... Truyện đi từ từ dần dần mang đậm phong cách hài hước , tuy cũng có sạn nhưng cũng không phải nhiều bởi mỗi thế giới là của một tác giả tạo nên cho nên chẳng có ai có thể định đúng sai , tác giả có khác gì thiên đạo , truyện này mang tính giải trí cực cao , đủ để các đạo hữu đọc tới xuyên đêm .",https://goctruyentranhvui16.com/image/nguyen-lai-ta-la-tu-tien-dai-lao-0000113945-09-01-2022/1MSuAPjWDpVMZ057vRjfJZMkDa3QO4dzq?code=gtt-yes
Xích Tâm Tuần Thiên,https://goctruyentranhvui16.com/truyen/xich-tam-tuan-thien,"Manhua, Võ Thuật, Phiêu Lưu, Hành Động","Khương Vọng bị huynh đệ kết nghĩa phản bội, đánh cắp thứ hắn đã dùng máu và mồ hôi đổi lại để mở mạch đan. Tại thời khắc sắp chết, kế thừa di vật Sở quốc thiên kiêu Tả Quang Liệt , mở ra đạo mạch đi lên con đường tu hành. Từng có mê mang, bàng hoàng nhưng trong lòng luôn có một điểm sáng, đó chính là một viên xích tử chi tâm.Thời đại thượng cổ, Yêu tộc đã tuyệt tích. Thời đại cận cổ, Long tộc cũng biến mất. Thần đạo đang thịnh, nhưng giờ đây mọi thứ đã như khói bay, phi kiếm đỉnh cao nhất thời đại cuối cùng rơi vào trầm luân... Thế giới này xảy ra chuyện gì? Cái sự thật mai táng trong dòng sông thời gian, ai sẽ đến lắng nghe? Núi sông ngàn dặm chôn vùi thây, càn khôn trăm năm tô lại cảnh hổ đói. Thiên địa chí công như vô tình, ta có một viên xích tâm, lấy tuần thiên!Cảnh giới tu luyện chia làm 9 cấp, bắt đầu từ cửu phẩm thấp nhất:Du Mạch cảnh (Cửu phẩm) -> Chu Thiên cảnh (Bát phẩm) -> Thông Thiên cảnh (Thất phẩm) -> Đằng Long cảnh (Lục phẩm) -> Nội Phủ cảnh (Ngũ phẩm) -> Ngoại Lâu cảnh (Tứ phẩm) -> Thần Lâm cảnh (Tam phẩm) -> Động Chân cảnh (Nhị phẩm) -> Diễn Đạo cảnh (Nhất phẩm) => Siêu Thoát.Diễn Đạo cảnh chia thành: Không có Đạo chất => có Đạo chất => tiếp cận Siêu Thoát (Thánh cấp).",https://goctruyentranhvui16.com/image/xich-tam-tuan-thien-0000986463-29-03-2025/1LdfwoTtw_zmNHbdjFRmfHxLtUG4G9bNL?code=gtt-yes
Xin Hãy Đọc,https://goctruyentranhvui16.com/truyen/xin-hay-doc,"Huyền Bí, Phiêu Lưu, Manhwa",Tôi đã được tái sinh thành một cuốn sách ma thuật với tất cả kiến thức ma thuật của thế giới này. Bất kỳ ai cũng có thể trở thành một pháp sư vĩ đại huyền thoại với sự giúp đỡ của tôi. Hãy đọc tôi và tôi sẽ trao cho bạn sức mạnh vô tận.,https://goctruyentranhvui16.com/image/xin-hay-doc-0000671212-30-08-2024/1TN9I2EJUTDTf-PYDH0OXHc3G3eFB4JxY?code=gtt-yes
Toàn Dân Chuyển Chức: Ngự Long Sư Là Chức Nghiệp Yếu Nhất?,https://goctruyentranhvui16.com/truyen/toan-dan-chuyen-chuc--ngu-long-su-la-chuc-nghiep-yeu-nhat-,"Hành Động, Manhua, Phiêu Lưu, Huyền Bí","Hiện thực kết hợp trò chơi, hung thú hoành hành, bí cảnh, phó bản vô số. Vì chống cự hung thú xâm nhập, mỗi người đều sẽ tiến hành chuyển chức, điên cuồng thăng cấp. Lục Phàm ở ngày chuyển chức, trở thành Ngự Long sư - một nghề nghiệp ẩn. Nhưng bởi vì cự long quá mạnh, không có khả năng có người có thể thuần hóa cự long, bởi vậy ngự Long sư được gọi là nghề nghiệp phế nhất . May mà, hắn đã thức tỉnh siêu cấp tàng bảo đồ hệ thống, Khi Lục Phàm mang theo cự long quét ngang hết thảy , toàn bộ thế giới đều run rẩy.",https://goctruyentranhvui16.com/image/toan-dan-chuyen-chuc--ngu-long-su-la-chuc-nghiep-yeu-nhat--0000559852-22-06-2024/1HdfDgGNkEsj3cONkwudxqNABX-lYD8YQ?code=gtt-yes
Làm Ơn Dừng Đức Giáo Hoàng Lại,https://goctruyentranhvui16.com/truyen/lam-on-dung-duc-giao-hoang-lai,"Manhwa, Phiêu Lưu, Hành Động","Tôi là giáo hoàng, và đã dành 10 năm để cứu thế giới khỏi bờ vực diệt vong. Tôi đã đối mặt và vượt qua cái chết vô số lần để cứu thế giới và hầu như không trở về Trái đất, nhưng sau đó... [Cảnh báo! Nếu bạn không đạt được số lượng tín đồ cần thiết trong 90 ngày, hệ thống của bạn sẽ khởi động lại!] ""... Xin lỗi?"" ""Vâng?"" ""... Tôi đến để truyền bá lời của Chúa.""",https://goctruyentranhvui16.com/image/lam-on-dung-duc-giao-hoang-lai-0000851032-26-12-2024/1XBuK9Bb6d0aTUZZ1DAMBKp1hDAnDzZMf?code=gtt-yes
Vương Triều Đen Tối Joseon,https://goctruyentranhvui16.com/truyen/vuong-trieu-den-toi-joseon,"Lịch Sử, Huyền Bí, Manhwa, Trùng Sinh","Một người cuồng tín về quân sự, steampunk và nhiều thứ khác đã được trọng sinh. Nhưng cha của hắn là Sejong Đại Vương? Vị vua thông thái và đứa con điên cuồng, cùng các quan đại thần luôn chia rẽ nội bộ. Thậm chí ngày nay, đêm Joseon vẫn tràn ngập ánh sáng của thời gian",https://goctruyentranhvui16.com/image/vuong-trieu-den-toi-joseon-0000518442-23-04-2024/1rlekBMaxHEAjMQvaFmsPULSCqev-ygE-?code=gtt-yes
Đứa Trẻ Rắc Rối Của Ma Tháp,https://goctruyentranhvui16.com/truyen/dua-tre-rac-roi-cua-ma-thap,"Phiêu Lưu, Hành Động, Manhwa, Huyền Bí","Chủ nhân của tháp ma thuật trắng, Oscar Sage, và các pháp sư của họ đã hy sinh mọi thứ—kể cả mạng sống của họ—vì tương lai của nhân loại. 20 năm đã trôi qua, và Oscar Sage mở mắt ra và thấy hình ảnh phản chiếu của chính mình trong gương—một pháp sư cấp độ 1 chỉ có thể sử dụng các phép thuật cơ bản—và một Tháp Ma thuật Trắng hiện đang có nguy cơ bị Liên minh Bốn tòa tháp ruồng bỏ. Thề sẽ khôi phục lại Tháp Ma thuật Trắng về vinh quang trước đây, chủ nhân tháp Oscar trở về bắt đầu cuộc sống thứ hai của mình. Phân kỳ",https://goctruyentranhvui16.com/image/dua-tre-rac-roi-cua-ma-thap-0000987966-30-03-2025/1d_egbN8LcYFZPa1PMjX1uPvyRMlxYhVe?code=gtt-yes
Helmut-Đứa Trẻ Bị Lãng Quên,https://goctruyentranhvui16.com/truyen/helmut-dua-tre-bi-lang-quen,"Manhwa, Hành Động, Huyền Bí, Phiêu Lưu","Cùng Studio bộ truyện [NGƯỜI CHƠI KHÔNG THỂ THĂNG CẤP] Helmut là một đứa trẻ đã bị bỏ rơi trong Khu rừng Ma thú khi mới sinh. Được nuôi dưỡng bởi Ma Thú, con người đầu tiên mà anh gặp là Kiếm Thánh Darien. Helmut không biết rằng cuộc gặp gỡ tình cờ này sẽ sớm làm thay đổi cả số phận của anh… “Hãy Mạnh Mẽ hơn nếu muốn thoát khỏi đây.” Cậu bé đã sống như một con thú bị ném vào thế giới loài người! Cậu sở hữu kiếm thuật áp đảo, ngoại hình xuất chúng và trí thông minh sắc sảo, nhưng có một thứ cậu thiếu: nhân tính. Tôi không còn là con mồi. Tôi bây giờ là một kẻ săn mồi!",https://goctruyentranhvui16.com/image/helmut--dua-tre-bi-lang-quen-0000277098-01-09-2022/1UwjYndOQxlSSO-3CH04tfXCyfxGq64jK?code=gtt-yes
Sự Trở Lại Của Đại Pháp Sư,https://goctruyentranhvui16.com/truyen/su-tro-lai-cua-dai-phap-su,"Viễn Tưởng, Manhwa, Phiêu Lưu","Henry Morris là một phù thủy 8 vòng, là một huyền thoại - một trong những người cha sáng lập đã giúp bạn mình trở thành vua của một đế chế thống nhất. Sau khi con trai lên ngôi, Henry bị xử tử với cáo buộc sai lầm là lãnh đạo một cuộc nổi dậy chống lại đế quốc. Sau đó, anh tỉnh dậy trong cơ thể của Henry Morris trẻ tuổi, con cả của một gia đình nam tước, người cũng trùng tên. Henry xoay chuyển cuộc sống của mình bằng cách một lần nữa học lại phép thuật và cả kiếm thuật để trở thành kiếm sĩ ma thuật đầu tiên, tất cả chỉ vì mục đích trả thù.",https://goctruyentranhvui16.com/image/su-tro-lai-cua-dai-phap-su-0000073916-29-08-2021/1xcmj_ch0QhaXvzd1zEtTRl1q8J0lwann?code=gtt-yes
Thiên Qua Thư Khố Đại Công Tử,https://goctruyentranhvui16.com/truyen/thien-qua-thu-kho-dai-cong-tu,"Manhwa, Murim, Võ Thuật, Hành Động, Phiêu Lưu","Một ngày nọ, linh hồn của Thủ lĩnh Liên minh Murim quyến rũ và uy nghiêm, Hu Gong, đột nhiên chiếm hữu cơ thể của một chàng trai trẻ. Chàng thanh niên đó tên là Beom Hang. Anh ta là chủ nhân trẻ tuổi của 'Thiên đại lục', một trong ba kho lưu trữ lớn của jianghu, nhưng lại là một cái cớ xin lỗi của một người. Để xác định lý do tại sao linh hồn của mình lại hoán đổi thân xác, Hu Gong bắt đầu huấn luyện cơ thể của Beom Hang. Khi chủ nhân trẻ tuổi bị chiếm hữu của Thiên Đại Lưu Trữ hoàn toàn khác với trước đây, nó bắt đầu thu hút sự chú ý của giang hồ…",https://goctruyentranhvui16.com/image/thien-qua-dai-cong-tu-0000374796-05-02-2023/1O65Qahot1bPvEYSzUmNM3zRKP98gNy7f?code=gtt-yes
Học Nhóm,https://goctruyentranhvui16.com/truyen/hoc-nhom,"Drama, Võ Thuật, Webtoons, Học Đường","Gamin Yoon, một học sinh 17 tuổi, đến một trường học được biết đến là nơi chứa đựng những tên tội phạm trong tương lai. Bị mắc kẹt trong một môi trường ăn thịt, nơi chỉ có những kẻ mạnh nhất sống sót, anh phải vật lộn để đạt được điểm cao để vào một trường đại học 4 năm. Nhưng, liệu anh ấy có thể học đủ tốt để vào đại học",https://goctruyentranhvui16.com/image/hoc-nhom-0000045378-05-05-2021/1GinpfT6LEbyfxrQfrAqsANhkB0pTgaLf?code=gtt-yes
Cửa Hàng Diệu Kỳ,https://goctruyentranhvui16.com/truyen/cua-hang-dieu-ky,"Phiêu Lưu, Hài Hước, Manhwa, Siêu Nhiên, Hành Động","Nhân vật chính Chan, người đang tìm kiếm một công việc bán thời gian sau khi công ty trước đây của anh phá sản, tình cờ phát hiện ra một cửa hàng tiện lợi. Bị thu hút bởi mức lương theo giờ rất cao, anh quyết định trở thành một nhân viên bán thời gian từ ngày đó. Nhưng những khách hàng đến đây có vẻ hơi kỳ lạ. Ma cà rồng, kobold, và thậm chí cả succubi??",https://goctruyentranhvui16.com/image/cua-hang-dieu-ky-0000653535-21-08-2024/1cDFB5_KpQbBfh5phUwHuzkq6AsAakO2R?code=gtt-yes
Thiên Tài Bình Dị,https://goctruyentranhvui16.com/truyen/thien-tai-binh-di,"Drama, Hài Hước, Lãng Mạn, Manhwa",Updating,https://goctruyentranhvui16.com/image/thien-tai-binh-di-0000877458-13-01-2025/1dr4bEC8SnEupgK8EazF-L02vHC0etYqO?code=gtt-yes
Đại Tướng Quân,https://goctruyentranhvui16.com/truyen/dai-tuong-quan,"Hành Động, Võ Thuật, Manhwa, Shounen, Phiêu Lưu","""Dừng lại ở đó, Đại tướng!"" Bậc thầy Toàn trí, cố vấn của Hoàng đế và là thầy của Đội cận vệ Hoàng gia. Anh ấy có một con đường để đi theo ngay cả khi điều đó có nghĩa là từ bỏ danh hiệu người mạnh nhất trong lịch sử. Anh ta vừa đi vừa bị trúng gió. Dáng vẻ già nua và mái tóc bạc trắng của anh giờ không còn thấy nữa. Tất cả những gì còn lại là một người đàn ông trẻ với mái tóc đen nhánh! ""Tôi tên là Lee Gwol."" Tôi sẽ không bị hạn chế. Tôi sẽ lang thang khắp thế giới như một cơn gió. Mùi trà sẽ tẩy sạch thế giới đẫm máu. Người cai trị không thể uốn nắn. Chứng kiến con đường của Đại tướng quân, Lee Gwol!",https://goctruyentranhvui16.com/image/dai-tuong-quan-0000105870-18-12-2021/1xzI0f4PAXswNgn2WHyxQa1_Z5Wv18vIy?code=gtt-yes
Nền Văn Minh Nebula,https://goctruyentranhvui16.com/truyen/nen-van-minh-nebula,"Manhwa, Phiêu Lưu, Hành Động","Choi Seong-woon, đạt thứ hạng cao nhất trong trò chơi “Lost World”, hoàn thành xuất sắc mọi thành tích của trò chơi. Tuy nhiên, niềm vui chẳng kéo dài được bao lâu khi anh nhận được một email đáng ngờ và được triệu hồi đến “Lost World” thực sự, nơi anh dấn thân vào cuộc thi để trở thành một “vị thần”.",https://goctruyentranhvui16.com/image/nen-van-minh-nebula-0000477892-17-12-2023/1SC5_0-7Z0Wlvm702mou3mNFU2CtPjRfz?code=gtt-yes
Mạo Hiểm Giả Cuối Cùng,https://goctruyentranhvui16.com/truyen/mao-hiem-gia-cuoi-cung,"Hành Động, Manhwa, Trùng Sinh, Phiêu Lưu, Huyền Bí","Cánh cổng mở ra và kỷ nguyên phiêu lưu bắt đầu. Đó là thời điểm mọi thứ sụp đổ, kéo theo thời kỳ sợ hãi, tuyệt vọng và đau khổ. Nó đã trở thành một thời đại mà mọi người đều từ bỏ việc cố gắng chống trả. Tuy nhiên, có một nhà thám hiểm đã cố gắng đến cùng. “Anh là người duy nhất còn lại, El Paume. Bạn là nhà thám hiểm cuối cùng.” Thời điểm kỷ nguyên phiêu lưu kết thúc, nhà thám hiểm cuối cùng đã đưa toàn bộ câu chuyện trở lại điểm xuất phát.",https://goctruyentranhvui16.com/image/mao-hiem-gia-cuoi-cung-0000512383-02-04-2024/1XMDcz9zj6ZgrVjx2GnWazE5iw5HEn-8j?code=gtt-yes
Tôi Bị Hiểu Lầm Là Diễn Viên Thiên Tài Quái Vật,https://goctruyentranhvui16.com/truyen/toi-bi-hieu-lam-la-dien-vien-thien-tai-quai-vat,"Khoa Học, Manhwa, Drama","Kang Woo-jin, một người đàn ông bình thường, bất ngờ phát hiện ra rằng anh có một khả năng độc đáo: bất cứ khi nào anh đọc kịch bản hoặc kịch bản phim, anh có thể bước vào một không gian phụ bí ẩn và nhập vai hoàn toàn vào các nhân vật bên trong. Khi anh đi cùng một người bạn đến buổi thử vai, anh nắm bắt cơ hội để thể hiện kỹ năng diễn xuất phi thường mà anh có được thông qua những trải nghiệm này trong không gian phụ, điều này dẫn đến sự thay đổi trong cuộc đời anh mãi mãi. Đột nhiên, tôi được gọi là một con quái vật khủng khiếp. Thì sao? Tôi chỉ gật đầu đáp lại.",https://goctruyentranhvui16.com/image/toi-bi-hieu-lam-la-dien-vien-thien-tai-quai-vat-0000682824-05-09-2024/17upOqqguTRfrHfQ79Pe70pjQcn1A7GiS?code=gtt-yes
Anh Hùng Huyền Thoại Là Học Viên Danh Dự Của Học Viện,https://goctruyentranhvui16.com/truyen/anh-hung-huyen-thoai-la-hoc-vien-danh-du-cua-hoc-vien,"Phiêu Lưu, Hành Động, Học Đường, Manhwa","Tôi là một anh hùng vĩ đại, vậy tại sao tôi lại là người duy nhất không được ghi chép trong biên niên sử lịch sử? Quay trở lại Thời đại tuyệt vọng, Kyle đã đánh bại Erebos, nguồn gốc của cái ác. Sau đó, 5000 năm sau, anh tái sinh thành Leo với những ký ức về kiếp trước còn nguyên vẹn. Những người đồng đội của anh—The Brave Arron, The Divine Blacksmitsh Dweno, The Poet of the Stars Luna và The Wise King Lysinas—đều được ca ngợi là những anh hùng vĩ đại. Nhưng 'Hero Record', một món quà từ thiên đường ghi lại những thành tựu của các anh hùng qua nhiều thời đại, không có bất kỳ ghi chép nào về Kyle, và những người hiện tại đối xử với anh như một nhân vật hư cấu. Tức giận về thực tế mà anh thấy mình đang ở, Leo đăng ký vào Học viện Lumene, học viện anh hùng lưu giữ Hero Record. ""Được thôi. Tôi đoán mình sẽ trở thành một học sinh danh dự để tìm ra lý do tại sao tôi bị xóa khỏi lịch sử.""",https://goctruyentranhvui16.com/image/anh-hung-huyen-thoai-la-hoc-vien-danh-du-cua-hoc-vien-0000853866-29-12-2024/1V3tSNS7Yfl4F-2q6IdVCDHoV3qrmx1An?code=gtt-yes
Vô Tình Nhập Học,https://goctruyentranhvui16.com/truyen/vo-tinh-nhap-hoc,"Học Đường, Leo Tháp, Phiêu Lưu, Manhwa","Thế còn một trường đại học nơi bạn theo học tại Tháp Babel thì sao? Ban Yoo-won sở hữu khả năng phi thường không chỉ trong việc diễn giải các ngôn ngữ chưa biết mà còn có thể nhìn thấy và tiếp thu ""các khái niệm"" từ những thứ anh quan sát được. Từ nhỏ, ông nội của Yoo-won đã nói với anh: ""Gia đình chúng ta là hậu duệ của tổ tiên đã dẫn dắt mọi người xây dựng Tháp Babel với sức mạnh khiến mọi người giao tiếp. Với sức mạnh được thừa hưởng đó, con sẽ có thể lấy lại được Tháp Babel đã mất"". Lúc đầu, Yoo-won nghĩ đó chỉ là một câu chuyện xa vời. Nhưng trong khi chờ đợi kết quả trúng tuyển vào trường đại học, anh đột nhiên được triệu tập đến một học viện từ một chiều không gian chưa biết. Ở đó, anh chứng kiến Tháp Babel huyền thoại mà anh chỉ nghe nói đến trong các câu chuyện. Được thúc đẩy bởi mong muốn có phần vật chất là lấy lại tòa nhà đã mất của gia đình mình và trở thành chủ sở hữu của nó, cùng với mong muốn chân thành thực hiện ước mơ lâu đời của gia đình, Yoo-won đã vào học viện. Cuối cùng, anh ta bắt đầu leo lên Tháp Babel - một ngục tối đầy rẫy nguy hiểm và quái vật, nơi sức mạnh của các chòm sao và đỉnh cao là sức mạnh của các vị thần đang chờ đợi anh ta!",https://goctruyentranhvui16.com/image/vo-tinh-nhap-hoc-0000799771-01-11-2024/1xrM5eq6WoS72HAD3K1E0jLZw0oSPHW6g?code=gtt-yes
Học Viện Tối Thượng,https://goctruyentranhvui16.com/truyen/hoc-vien-toi-thuong,"Học Đường, Phiêu Lưu, Manhwa, Hành Động, Huyền Bí","SeoJoon, người đã làm việc tiết kiệm để trả món nợ của cha mẹ đã khuất và theo học tại một học viện thợ săn, cuối cùng lại phải dành toàn bộ số tiền tiết kiệm để phẫu thuật do một tai nạn đáng tiếc. Trong khoảnh khắc tuyệt vọng của anh ấy, một thông báo kỳ lạ đã phát ra. [Bạn cũng có thể trở thành một người thức tỉnh!] Anh quyết định đăng ký vì anh không còn gì để mất. [Ông. Kim SeoJoon, chào mừng đến với Học viện Transcension.] Học viện thợ săn này ở một 'chiều không gian' khác với các học viện thợ săn khác! Trong thời đại giáo dục của thợ săn tư nhân, bạn cũng có thể trở thành một 'siêu nhân'!",https://goctruyentranhvui16.com/image/hoc-vien-toi-thuong-0000223858-10-07-2022/1Uwz8EIb8cPS0LVW4CoW4mxudCeOBvpso?code=gtt-yes
Tôi Chỉ Là Người Khuân Vác Trong Hầm Ngục,https://goctruyentranhvui16.com/truyen/toi-chi-la-nguoi-khuan-vac-trong-ham-nguc,"Hành Động, Phiêu Lưu, Manhwa","Một thế giới mà chỉ những người có tài năng bẩm sinh mới có thể trở thành nhà thám hiểm chinh phục ngục tối. Thế giới định nghĩa ""Nagi"" là một người khuân vác không thể trở thành nhà thám hiểm. Nhưng nếu bạn hoàn thành một ngục tối, điều đó không biến bạn thành một nhà thám hiểm sao? Kỹ năng chiến đấu: 0! Khả năng sinh tồn: Cấp độ tối đa! Câu chuyện chinh phục ngục tối của người khuân vác đa năng, Nagi, thách thức số phận!",https://goctruyentranhvui16.com/image/toi-chi-la-nguoi-khuan-vac-trong-ham-nguc-0000887727-21-01-2025/1nAE5kONHxfE6sKv6BP5XyaSKNSy318cv?code=gtt-yes
Kim Chiến Sĩ: Hành Trình Xây Dựng Đặc Tính,https://goctruyentranhvui16.com/truyen/kim-chien-si--hanh-trinh-xay-dung-dac-tinh,"Hài Hước, Hành Động, Phiêu Lưu, Manhwa","Kim Junsu, một game thủ free-to-play (không nạp tiền) top đầu của tựa game mobile ""Arcane Seoul"", bất ngờ bị dịch chuyển vào chính nhân vật hướng dẫn tân thủ trong game - ""Kim Chiến Sĩ""! Giờ đây, cậu phải tìm cách sinh tồn trong thế giới game tàn khốc, nơi kẻ mạnh thống trị. Chìa khóa duy nhất để sống sót chính là kiến thức uyên thâm về game của Junsu, cùng với khả năng thay đổi đặc tính không giới hạn, dù yếu ớt, của Kim Chiến Sĩ.",https://goctruyentranhvui16.com/image/kim-chien-si--hanh-trinh-xay-dung-dac-tinh-0000725990-24-09-2024/1CwTMsrO46CDShJQbIMSKCxwM0yCbRSrk?code=gtt-yes
Nhà Vô Địch Kalli,https://goctruyentranhvui16.com/truyen/nha-vo-dich-kalli,"Hành Động, Phiêu Lưu, Manhwa, Võ Thuật","au khi từ bỏ giấc mơ trở thành võ sĩ quyền anh, Park Kang-tae gia nhập một băng đảng. Anh ta nổi tiếng trong băng đảng nhưng cuối cùng lại bị giết. Anh ấy có một điều hối tiếc khi chết ―Từ bỏ giấc mơ trở thành võ sĩ quyền anh. Chúa có biết sự hối tiếc của anh không? Trong một thế giới nơi quyền anh tồn tại dưới hình thức trò chơi quyền anh, Park Kang-tae theo đuổi giấc mơ chưa thành của mình.",https://goctruyentranhvui16.com/image/nha-vo-dich-kalli-0000467298-03-11-2023/1PZxT1fzNqaVt1r-oGn4hMJhWoOMYKsEG?code=gtt-yes
Hồi Quy Giả Của Gia Tộc Suy Vong,https://goctruyentranhvui16.com/truyen/hoi-quy-gia-cua-gia-toc-suy-vong,"Phiêu Lưu, Hành Động, Manhwa, Trùng Sinh","Một cuộc đời chỉ toàn sự hối tiêc... Khi hắn nhận ra lỗi lầm của mình và mong muốn bắt đầu một cuộc sống mới Mọi thứ đã quá muộn, gia tộc đã suy tàn Hắn lê lết qua từng ngày với nỗi căm hận Tại nơi vực sâu tuyệt vọng, điều ước của hắn đã chạm đến trời xanh - Hồi quy Đi ngược thiên mệnh, Đông sơn tái khởi!",https://goctruyentranhvui16.com/image/hoi-quy-gia-cua-gia-toc-suy-vong-0000487293-25-01-2024/1wCOJ0E4Oaj4kSNruxDzh14wWc6FLSt2s?code=gtt-yes
Bé Con Tái Xuất: Hành Trình Thành Vua Tài Phiệt!,https://goctruyentranhvui16.com/truyen/be-con-tai-xuat--hanh-trinh-thanh-vua-tai-phiet-,"Drama, Huyền Bí, Manhwa, Phiêu Lưu, Hành Động","Cao 183cm. 75kg. Đẩy tạ 500. Cơ thể tôi hoàn hảo. Cuộc sống của tôi hoàn hảo. Vậy tại sao tôi lại mắc kẹt trong cơ thể nhỏ bé, thấp bé, cao ba cái đầu này?! Tôi là Jeon Seong-guk, vua của Tập đoàn Samjeon, một cường quốc toàn cầu! Nhưng ngay khi tôi sắp tuyên bố tất cả, một cơn đau tim đột ngột ập đến. Và bây giờ? Tôi đã được tái sinh thành một đứa trẻ trong một gia đình nghèo. Một căn hộ một phòng cho một ngôi nhà?! Cha mẹ trẻ, đang vật lộn thay vì giới thượng lưu giàu có?! Đây có phải là một trò đùa tàn nhẫn không?! Nhưng không sao cả—vì tôi là Jeon Seong-guk. Tôi đã từng vật lộn để lên đến đỉnh cao, và tôi sẽ làm lại lần nữa. Lần này, tôi không chỉ leo lên đến thành công— Tôi sẽ đưa cả gia đình mình theo cùng!",https://goctruyentranhvui16.com/image/be-con-tai-xuat--hanh-trinh-thanh-vua-tai-phiet--0000968391-17-03-2025/1YBheCw3BVz3dOt3wSxpdKtzz2p9JFb0E?code=gtt-yes
Ma Đạo Luân Hồi Ký,https://goctruyentranhvui16.com/truyen/ma-dao-luan-hoi-ky,"Phiêu Lưu, Hành Động, Võ Thuật, Manhwa","Vào thời khắc có thể giành lấy sự tự do sau một thời gian dài đằng đẵng sống chẳng khác gì một con chó, Sát Vương - Thiên Hạ Tân đệ nhất s.á.t thủ của Thiên Nghĩa Minh đã phải bỏ m.ạ.n.g. Tuy nhiên hắn bất ngờ lại được chuyển sinh vào cơ thể của Tam Công Tử của Ma Giáo. ""Thiên Thượng Thiên Hạ, Duy Ngã Độc Tôn, Công Tử Khoái Dũ, Ma Giáo Bất Bại"", Kể từ khoảnh khắc đấy, hành trình chinh phục ma giáo của đệ nhất sát thủ Thiên Hạ Tân chính thức được bắt đầu!!!",https://goctruyentranhvui16.com/image/ma-dao-luan-hoi-ky-0000399985-24-04-2023/1RvXe8Pe-axHe5LG8Ks3g9d_OcL1gpTOJ?code=gtt-yes
Cao Võ: Hạ Cánh Đến Một Vạn Năm Sau,https://goctruyentranhvui16.com/truyen/cao-vo--ha-canh-den-mot-van-nam-sau,"Manhua, Huyền Bí, Hành Động, Võ Thuật","Khi võ thuật lần đầu tiên phát triển mạnh mẽ, những con thú ngoài hành tinh đáng sợ đã xâm chiếm và các chiến binh loài người dần dần rút lui. Lu Sheng xuyên qua và bước vào thế giới 10.000 năm sau trong giấc mơ của anh ấy — kỹ thuật luyện thân cơ bản 10.000 năm sau đã được sửa đổi, và hiệu quả mạnh hơn bây giờ gấp ngàn lần! Vạn năm sau, hô hấp phương pháp, luyện thân phương thuốc, võ công kinh thư... Vạn năm võ đạo về sau, nhân loại diệt vong. Nền văn minh võ học đã nhân lên đến đỉnh cao là không ai thừa kế. Lu Sheng là tia lửa duy nhất!",https://goctruyentranhvui16.com/image/cao-vo--ha-canh-den-mot-van-nam-sau-0000550012-09-06-2024/1YQRYPcyNlsYC1yJqSXFLA3CzlrpOOqhq?code=gtt-yes
Anh Hùng Hồi Quy,https://goctruyentranhvui16.com/truyen/anh-hung-hoi-quy,"Phiêu Lưu, Manhwa, Huyền Bí, Võ Thuật, Hành Động","[Từ tác giả của Thăng cấp cùng thần] Anh hùng mạnh nhất của nhân loại, Kim Sung In. Anh ấy bỏ mặc mọi thứ để quyết tâm lên đường chiến đấu nhưng… Anh ấy vẫn không thể ngăn chặn sự hủy diệt của thế giới. Tuy nhiên câu truyện huyền thoại của anh ấy chỉ mới bắt đầu khi anh ấy quay trở lại quá khứ vào 20 năm trước.",https://goctruyentranhvui16.com/image/anh-hung-hoi-quy-0000131896-04-03-2022/14tB1Iho3q12tM7jYH4u7JMWIOEhmXPXK?code=gtt-yes
Bạn Học Của Tôi Là Lính Đánh Thuê,https://goctruyentranhvui16.com/truyen/ban-hoc-cua-toi-la-linh-danh-thue,"Manhwa, Học Đường, Webtoons","Yu Ijin - người duy nhất sống sót sau một vụ tai nạn máy bay thảm khốc khi anh còn nhỏ. Sau quãng thời gian 10 năm trở thành lính đánh thuê để hoàn thành giao kèo với người đã cứu mình, cậu đã trở về với gia đình ở quê hương. Một cuộc sống mới và cả sóng gió mới bắt đầu....",https://goctruyentranhvui16.com/image/ban-hoc-cua-toi-la-linh-danh-thue-0000008397-15-11-2020/1qYwKO1aVkCcZ4iLs0J71tU9QFLWO0OZJ?code=gtt-yes
Võ Đang Kỳ Hiệp,https://goctruyentranhvui16.com/truyen/vo-dang-ky-hiep,"Viễn Tưởng, Hành Động, Manhwa","Nếu Tử thần gọi tên bạn ba lần, bạn sẽ bị đưa xuống địa ngục. ""Hyeokyeon Mugang."" ""Hyeokyeon Mugang."" ""Hyeokyeon Mu..."" Đồ khốn nạn! Tôi muốn sống lâu hơn! Biến khỏi đây ngay! Tôi tuyệt vọng nuốt Cây thuốc bất tử, và thật bất ngờ, tôi thực sự đã sống! Khi tôi cuối cùng cũng mở mắt ra, nghĩ rằng tất cả chỉ là một giấc mơ... Tôi bị bao quanh bởi một nhóm người già?! Tôi hỏi mình đang ở đâu, và—Núi Shaman?!!!!!!!! Bằng cách nào đó, tôi đã nhập vào cơ thể của một cậu bé sai vặt đáng thương... thật điên rồ! Tôi... tôi là... Tôi là người mạnh nhất trong số những người mạnh nhất, thủ lĩnh của Gia tộc Sa, Hyeokyeon Mugang!!! Tại sao bây giờ tôi lại là một phần của một gia tộc Shaman?! Chà, vì tôi đã ở đây, tôi cũng có thể trở thành đệ tử giỏi nhất có thể. Câu chuyện võ thuật bất tử, tàn nhẫn, không có giới hạn của bậc thầy rác rưởi ""Con đường của võ đang"" bắt đầu!",https://goctruyentranhvui16.com/image/vo-dang-k--hiep-0000019392-03-02-2021/1TmcxtuDsZliMeYqN6tcyAC-4sXDTg3_C?code=gtt-yes
Sát Thần Tu La,https://goctruyentranhvui16.com/truyen/sat-than-tu-la,"Võ Thuật, Phiêu Lưu, Hành Động, Manhwa",Một tác phẩm của bộ đôi đã mang đến Gosu và Long Phi Bất Bại,https://goctruyentranhvui16.com/image/sat-than-tu-la-0000545331-04-06-2024/1AtcS1n8ogv1M1WIr2Jj_7TxYLkOlk35B?code=gtt-yes
Con Trai Út Của Gia Đình Kiếm Thuật Danh Tiếng,https://goctruyentranhvui16.com/truyen/con-trai-ut-cua-gia-dinh-kiem-thuat-danh-tieng,"Huyền Bí, Hành Động, Phiêu Lưu, Manhwa","Jin Runcandel chính là con trai út, cũng như là nỗi hổ thẹn lớn nhất của dòng tộc Runcandel, dòng tộc kiếm sĩ lừng danh nhất xứ sở... Kết quả là, hắn đã bị dòng tộc trục xuất, cuộc đời cũng từ đó đi vào ngõ cụt. Và rồi, hắn đã được ban cho một ân huệ. ""Nhà ngươi sẽ dùng sức mạnh này để làm gì?"" ""Đương nhiên là làm lợi cho chính mình rồi."" Hắn có mọi thứ, từ hồi ức quá khứ, tài năng vượt bậc, cho đến giao ước với thần linh... Mọi yếu tố cần thiết để vươn đến đỉnh cao đều nằm gọn trong lòng bàn tay.",https://goctruyentranhvui16.com/image/con-trai-ut-cua-gia-dinh-kiem-thuat-danh-tieng-0000178144-01-05-2022/18pX_8g-Mc19asIlamqKKh_4cvsewVcmn?code=gtt-yes
Hóa Ra Ta Sớm Đã Vô Địch,https://goctruyentranhvui16.com/truyen/hoa-ra-ta-som-da-vo-dich,"Huyền Bí, Hành Động, Manhua, Phiêu Lưu","Diệp Trường Thanh xuyên qua năm năm, cứ tưởng rằng mình có thể giống nhân vật chính khác trong sảng văn có được hệ thống hack, lại ngay cả tu tiên giả bình thường cũng không được. Bất đắc dĩ chỉ có thể ở căn nhà nhỏ trong tiểu trấn bên cạnh tông môn, mở một gian tạp hóa mưu sinh. Thẳng đến một ngày nào đó, cửa hàng của hắn trong vòng một đêm trở thành thánh địa các phương đại lão hướng tới , thậm chí chó hắn nuôi cũng là Yêu Vương người người e ngại. Từ đây, Diệp Trường Thanh biến thành tuyệt thế cao nhân trong mắt mọi người.",https://goctruyentranhvui16.com/image/hoa-ra-ta-som-da-vo-dich-0000982958-27-03-2025/1WNthFxxQU80ekIrOCURYNh_R-BuEIxqB?code=gtt-yes
Quỷ Vương,https://goctruyentranhvui16.com/truyen/quy-vuong,"Murim, Hành Động, Võ Thuật, Manhwa","Cuộc đại chiến chính thống - phi chính thống chia cắt giới võ giả đã kết thúc với phần thắng thuộc về tà giáo. Bất chấp sự thống trị của giáo phái ma quỷ, người kế vị của giáo phái ma quỷ đã bị ám sát như một phần của một âm mưu lớn, và anh trai của người kế vị đã trở về từ trong bóng tối để trả thù. Con trai cả của giáo phái ma quỷ, Hyuk Ryeonhwi, là một người sống sót của Đảo Mây Tím, nơi còn được gọi là vùng đất của người chết. Anh ta thâm nhập vào cơ sở đào tạo hàng đầu của giáo phái ma quỷ để đi đến tận cùng của âm mưu và cuối cùng gặp được một võ sư bí mật của phe chính thống, Bi Seol. Cả hai giúp đỡ lẫn nhau và phát triển những tình cảm đặc biệt trong quá trình này… Từ đó bắt đầu sự thống trị của Hyuk Ryeonhwi, người cuối cùng sẽ được gọi là quỷ vương.",https://goctruyentranhvui16.com/image/quy-vuong-0000573166-08-07-2024/1Wuh0yXipfBG5QIw-kkHeeAF2gTn_rO8n?code=gtt-yes
Sống Sót Qua Ngày Tận Thế,https://goctruyentranhvui16.com/truyen/song-sot-qua-ngay-tan-the,"Hành Động, Manhwa, Drama, Võ Thuật","Một cậu bé bị nhốt dưới tầng hầm và rèn luyện cả đời. Người cha loạn trí của anh, người đã giam giữ anh, đã tuyên bố, “Ngày tận thế đang đến.” Giờ đây, được trang bị những kỹ năng huấn luyện và sinh tồn mà anh đã rèn giũa qua nhiều năm luyện tập, anh phải sống sót qua ngày tận thế sắp xảy ra.",https://goctruyentranhvui16.com/image/song-sot-qua-ngay-tan-the-0000544526-03-06-2024/1QyqBIttBux3p5k7N4WfDGWiFxxxYUf-M?code=gtt-yes
Kiếm Sĩ Thiên Tài Của Học Viện,https://goctruyentranhvui16.com/truyen/kiem-si-thien-tai-cua-hoc-vien,"Trùng Sinh, Võ Thuật, Manhwa, Phiêu Lưu, Hành Động","Ronan đã sống một cuộc đời hoang phí đầy hối tiếc. Cơ hội thứ hai đến với anh ta vào cuối cuộc đời vô ích của mình. Anh ấy đã quay trở lại thời điểm khi anh ấy còn là một đứa trẻ mười tuổi! Đối với những người đã hy sinh bản thân vì anh ta, anh ta quyết tâm sống một cuộc sống mới.",https://goctruyentranhvui16.com/image/kiem-si-thien-tai-cua-hoc-vien-0000439290-01-08-2023/14NJAsez6nNckFPnY3t8rw2aUIcdnsMe-?code=gtt-yes
Thiên Hạ Đệ Nhất Côn Luân Khách Điếm,https://goctruyentranhvui16.com/truyen/thien-ha-de-nhat-con-luan-khach-diem,"Manhwa, Hành Động, Phiêu Lưu, Hài Hước","Chuyến phiêu lưu của Côn Luân - Vân Long sau 100 năm bế quan đột phá vượt qua cả đỉnh cao của Thái Thanh Thần Công, nhưng tất cả huynh đệ bằng hữu sư thừa đã không còn, cuộc sống mới của anh sẽ bắt đầu như thế nào?",https://goctruyentranhvui16.com/image/thien-ha-de-nhat-con-luan-khach-diem-0000928442-18-02-2025/1PuqLZ9-fb1OlFvy-a8YCzssRCtLxSWCw?code=gtt-yes
Tuyệt Thế Võ Thần,https://goctruyentranhvui16.com/truyen/tuyet-the-vo-than,"Võ Thuật, Phiêu Lưu, Hành Động","Cửu Tiêu đại lục, tông môn san sát, võ đạo làm đầu, người yếu tầm thường, bị người bắt nạt, cường giả giận dữ, máu chảy thành sông.Võ đạo hoàng giả, càng có thể quan sát thiên địa, ngạo cười non sông, động thì lại ngày kinh thạch phá, phơi thây trăm vạn.Một đời cường nhân Lâm Phong, nghịch thiên xuất thế, đến kinh thế truyền thừa, tu võ đạo, đạp Cửu Tiêu, phá thiên địa, ngạo thương khung!",https://goctruyentranhvui16.com/image/tuyet-the-vo-than-0000002126-03-08-2020/1sw6N1WXyrOgAGIlXe4d-bfbwFybDlV6s?code=gtt-yes
Tiền Đạo Số 1,https://goctruyentranhvui16.com/truyen/tien-dao-so-1,"Hành Động, Manga, Shounen, Drama","Tên khác: Blue Lock Yoichi Isagi đã bỏ lỡ cơ hội tham dự giải Cao Trung toàn quốc do đã chuyền cho đồng đội thay vì tự thân mình dứt điểm. Cậu là một trong 300 chân sút U-18 được tuyển chọn bởi Jinpachi Ego, người đàn ông được Hiệp Hội Bóng Đá Nhật Bản thuê sau hồi FIFA World Cup năm 2018, nhằm dẫn dắt Nhật Bản vô địch World Cup bằng cách tiêu diệt nền bóng đá Nhật Bản. Kế hoạch của Ego gồm việc cô lập 300 tay sút trong một nhà ngục - dưới một tổ chức với tên gọi là ""Blue Lock"", với mục tiêu là tạo ra chân sút ""tự phụ"" nhất thế giới, điều mà nền bóng đá Nhật Bản còn thiếu.",https://goctruyentranhvui16.com/image/tien-dao-so-1-0000468464-08-11-2023/1BZvaDbMqNV2Fzjh7sBoAB7lj2LRbfY5Z?code=gtt-yes
Người Chơi Che Giấu Quá Khứ,https://goctruyentranhvui16.com/truyen/nguoi-choi-che-giau-qua-khu,"Viễn Tưởng, Hài Hước, Hành Động, Manhwa, Phiêu Lưu","Trò chơi thực tế ảo “Lịch sử lục địa Archana” đã trở thành một phần của thực tế và “người chơi” được đồng bộ hóa với con người xuất hiện để bảo vệ thế giới. Lee Hoyeol, một người làm công ăn lương bình thường, đã đảm nhận thân xác của nhân vật mà anh ấy đã tạo ra ở trường cấp hai, “Grandfell Claudi Arpeus Romeo.” Trong những trường hợp bình thường, đó sẽ là một thất bại tuyệt đối trong sự nghiệp, nhưng Grandfell, người có nghề nghiệp là “thợ săn quỷ”, lại trở nên vô cùng kiêu hãnh trước lũ quỷ! Thợ săn quỷ duy nhất trên thế giới này, Grandfell (= Lee Hoyeol) bắt đầu hành động!",https://goctruyentranhvui16.com/image/nguoi-choi-che-giau-qua-khu-0000438118-29-07-2023/1gPhC3t5TpN501ghyLjdYA9bv46DB62lx?code=gtt-yes
Huấn Luyện Viên Murim Thiên Tài,https://goctruyentranhvui16.com/truyen/huan-luyen-vien-murim-thien-tai,"Manhwa, Võ Thuật, Hành Động, Murim, Phiêu Lưu","Trong trận đại dịch, phòng tập của tôi bị phá sản. Trong khi cố gắng kiếm sống một cách tuyệt vọng, tôi sở hữu một nhân vật trong Murim. Tôi rất phấn khích khi thấy mình đang ở Thiếu Lâm Tự, nhưng cái quái gì vậy? Cơ thể của mọi người đều bị tàn phá do tập luyện sai cách! Làm sao tôi có thể chỉ ngồi nhìn khi tôi từng là huấn luyện viên cá nhân?! Tôi sẽ dạy cho bạn các phương pháp tập thể dục hiện đại, đúng đắn và chữa lành vết thương cho tất cả các bạn bằng phương pháp điều trị tần số thấp và liệu pháp hồng ngoại sử dụng năng lượng bên trong! X ngày cho đến khi phòng tập Thiếu Lâm mở cửa.",https://goctruyentranhvui16.com/image/huan-luyen-vien-murim-thien-tai-0000523586-07-05-2024/1webLQwWR7DerItCQH5QXi2sN-8sJ3Hij?code=gtt-yes
Đại Quản Gia Là Ma Hoàng,https://goctruyentranhvui16.com/truyen/dai-quan-gia-la-ma-hoang,"Võ Thuật, Phiêu Lưu, Hành Động, Manhua","Zhuo Yifan là một hoàng đế ma thuật hay có thể gọi là quỷ hoàng vì ông có một cuốn sách cổ của hoàng đế tên là Cuốn sách của chín bí mật, ông đã bị tất cả các chuyên gia nhắm tới, thậm chí ông còn bị học trò của mình phản bội và giết chết. Sau đó linh hồn của anh ta nhập vào và sống lại trong một cậu bé hầu cận của gia đình tên là Zhuo Fan. Bởi vì một số ma thuật quỷ dữ đang giữ anh ta lại, anh ta phải hợp nhất ký ức của đứa trẻ và không thể bỏ qua gia đình và tình nhân mà anh ta phục vụ. Làm sao hắn có thể dẫn dắt gia tộc hậu duệ này trở lại đỉnh cao của lục địa này!",https://goctruyentranhvui16.com/image/dai-quan-gia-la-ma-hoang-0000169872-20-04-2022/10cVS-nIm0Ev_OIbWJIzEmQZKqBEeKf3w?code=gtt-yes
Tuyệt Thế Quân Lâm,https://goctruyentranhvui16.com/truyen/tuyet-the-quan-lam,"Manhwa, Phiêu Lưu, Murim, Võ Thuật, Hành Động","Thiên hạ này, ta sẽ nắm giữ trong tay! Nam nhân trẻ tuổi Xích Lợi Càn, thân là con của một nhà buôn trái cây tầm thường, lại ẩn chứa võ công cái thế, tay trái Quân Tử kiếm uyển chuyển như nước chảy mây trôi, tay phải Địa Ngục đao sắc bén như lưỡi hái tử thần. Võ công cái thế, mưu trí hơn người, lại thêm tài ăn nói khéo léo, liệu chàng trai mang hoài bão quân lâm thiên hạ này sẽ làm chấn động giang hồ ra sao? Hành trình đầy sóng gió, kỳ ngộ và thử thách của Xích Lợi Càn chính thức bắt đầu!",https://goctruyentranhvui16.com/image/tuyet-the-quan-lam-0000737397-29-09-2024/1_THrSG_b3_c1NsltVpR7yGl3C1KfieN1?code=gtt-yes
Vạn Cổ Tối Cường Tông,https://goctruyentranhvui16.com/truyen/van-co-toi-cuong-tong,"Võ Thuật, Hành Động, Phiêu Lưu, Manhua","Quân Thường Tiếu, người đứng đầu Thiết Cốt phái, nhưng phái này chẳng nổi tiếng mấy. Thời gian trước đây, một võ sư có họ Vương, với xương cốt vững chắc, từng rơi từ vách đá xuống mà vẫn sống sót, và sau đó, anh được một người qua đường cứu giúp và chia sẻ bữa cơm.",https://goctruyentranhvui16.com/image/van-co-toi-cuong-tong-0000598746-28-07-2024/1kV8guGWgVEPPwlFe9y-TFZQ7mjd7inSk?code=gtt-yes
Quý Tộc Báo Thù,https://goctruyentranhvui16.com/truyen/quy-toc-bao-thu,"Huyền Bí, Manhwa, Phiêu Lưu, Hành Động","Người yêu, cha mẹ, tương lai của anh - tất cả đều đã bị tước đoạt khỏi anh. Một câu chuyện hồi hộp đầy bạo lực bắt đầu về một người đàn ông thề sẽ trả thù! Sinh viên đại học Enomoto Daichi là một chàng trai trẻ bình thường có bạn gái và bạn bè. Cho đến ngày anh bị vu là kẻ giết người... Khi được một đồng nghiệp gọi đến tại khách sạn, anh ta phát hiện người đã gọi điện cho mình đang trong tình trạng khiếm nhã...",https://goctruyentranhvui16.com/image/quy-toc-bao-thu-0000986626-29-03-2025/19_AUQvnTOvNkIiqU1-PZGG5qse8aat_G?code=gtt-yes
Công Tử Thực Sự Quá Chính Nghĩa,https://goctruyentranhvui16.com/truyen/cong-tu-thuc-su-qua-chinh-nghia,"Hài Hước, Manhua, Hành Động, Huyền Bí","Công tử không hổ là chính nghĩa làm gương mẫu! Phong hoa tuyệt đại, nho nhã hiền hoà, ghét ác như cừu, không háo nữ sắc!Trời không sinh công tử, chính đạo vạn cổ như đêm dài!Thế nhân đều là cảm khái....Chớ khen! Đừng lại khen ta! Bản công tử không muốn chính nghĩa, bản công tử mới không phải cái gì chính đạo làm gương mẫu! Buông ra bản công tử, bản công tử không điên, không cần uống thuốc!Bản công tử muốn làm chuyện xấu, muốn làm nhân vật phản diện!Van cầu các ngươi, để bản công tử làm chuyện xấu đi!",https://goctruyentranhvui16.com/image/cong-tu-thuc-su-qua-chinh-nghia-0000192497-23-05-2022/1oiOlDDtUPbWv7dWi5Wnp78RNS9n9NWlW?code=gtt-yes
Troll Bá Nhất Thế Giới,https://goctruyentranhvui16.com/truyen/troll-ba-nhat-the-gioi,"Game, Manhwa, Hành Động, Phiêu Lưu",Trò chơi xác suất nhất trên thế giới. Điện tử Ajin. Công nghiệp Silicorp. Tổng công ty Argos. Đây là trò chơi thực tế ảo đầu tiên do tập đoàn hàng đầu thế giới - Arcadia sản xuất. [Chào mừng bạn đến với thế giới kỳ ảo của Arcadia.] Những câu chuyện điên rồ của thế giới đó bây giờ sẽ mở ra!,https://goctruyentranhvui16.com/image/troll-ba-nhat-the-gioi-0000326534-28-10-2022/1Z6BNEoIyIUNbtchqJj2Hd-hdanapNPZa?code=gtt-yes
Luật Thanh Niên,https://goctruyentranhvui16.com/truyen/luat-thanh-nien,"Manhwa, Học Đường, Hành Động","Một trại trẻ mồ côi tư nhân ở Nga có tên là 'Biệt thự chết' đào tạo trẻ nhỏ trở thành đặc vụ. “Mật danh Sean”, huyền thoại về Dead Mansion, người được cho là đã thất lạc bỗng nhiên xuất hiện tại một trường cấp 2 ở Hàn Quốc?!",https://goctruyentranhvui16.com/image/luat-thanh-nien-0000579600-14-07-2024/1XBjiLFz07vN2w7gjl43RKAxNJCqETRol?code=gtt-yes
Thợ Săn Mosin,https://goctruyentranhvui16.com/truyen/tho-san-mosin,"Phiêu Lưu, Manhwa, Hành Động","Moshin, những linh hồn sống trên đất liền và trên biển, có thể tốt về bản chất, hoặc có thể có ý định làm tổn thương con người. Trong một thế giới với những sinh vật như vậy, một chiến binh đi khắp các vùng đất với thanh gươm đen tối bí ẩn của mình, và săn lùng tất cả các moshins, dù tốt hay xấu.",https://goctruyentranhvui16.com/image/tho-san-mosin-0000110485-29-12-2021/1UlqX235PbyUxAuVe4DVUqTsc7IIF9vG3?code=gtt-yes
Trở Thành Thiên Tài Tốc Biến Của Học Viện Ma Pháp,https://goctruyentranhvui16.com/truyen/tro-thanh-thien-tai-toc-bien-cua-hoc-vien-ma-phap,"Huyền Bí, Siêu Nhiên, Phiêu Lưu, Manhwa","Nhân vật có độ khó cao nhất và diễn xuất tệ nhất, Baek Yuseol, bị coi là một nhân vật rác rưởi trong trò chơi vì anh ta không thể sử dụng phép thuật trong bối cảnh giả tưởng mà những người khác đều có thể. Tuy nhiên… [Bởi vì đã đạt đến kết thúc sai lầm nên 90% Thế giới Aether đã bị phá hủy.] [Xin hãy đạt đến “Kết thúc thực sự”.] Đột nhiên, những lời đó vang vọng trong tâm trí tôi trước khi tôi được chuyển sinh đến Thế giới Aether. [Bạn có thể sử dụng kỹ năng “Blink.”] “Tại sao tôi lại sở hữu nhân vật này?” Blink là kỹ năng ma thuật duy nhất tôi có. Sống sót tại Học viện Stella giữa những pháp sư thiên tài, tôi trở thành Pháp sư Blink khét tiếng.",https://goctruyentranhvui16.com/image/tro-thanh-thien-tai-toc-bien-cua-hoc-vien-ma-phap-0000550576-10-06-2024/1tvVqVQFQdixQT4wQCsC80zyAm62CGEZG?code=gtt-yes
Sức Mạnh Của Ác Thần,https://goctruyentranhvui16.com/truyen/suc-manh-cua-ac-than,"Viễn Tưởng, Hành Động, Manhua","Lin Jie là một người lớn tuổi khác quản lý một hiệu sách. Anh ấy tốt bụng và luôn giới thiệu những cuốn sách chữa lành tâm hồn cho những khách hàng đang chán nản của mình. Đôi khi anh ấy thậm chí còn chia sẻ các tác phẩm của chính mình. Khi thời gian trôi qua, những khách hàng này bắt đầu tôn trọng anh ta rất nhiều. Họ mang những sản phẩm đơn giản của địa phương hàng ngày để tỏ lòng biết ơn và yêu cầu giới thiệu sách. Họ thậm chí còn bắt đầu kể những câu chuyện về người bán hàng bình thường này. Những danh hiệu đáng trân trọng và thân ái của anh bao gồm ""Linh cẩu của Ác thần"", ""Sứ giả của Phúc âm Xác thịt"", ""Tác giả của Giáo phái des Goules"" và ""Người chăn cừu của các vì sao"" ???",https://goctruyentranhvui16.com/image/suc-manh-cua-ac-than-0000077991-20-09-2021/1I_fpY7QsCGIdqWqaNEIrc0eedAmRhDl5?code=gtt-yes
Bà Xã Nhà Tôi Đến Từ Ngàn Năm Trước,https://goctruyentranhvui16.com/truyen/ba-xa-nha-toi-den-tu-ngan-nam-truoc,"Phiêu Lưu, Hành Động, Manhua, Hài Hước","Đường triều thiếu nữ khương lúa xuyên qua ngàn năm qua đến hứa mắt xanh trước, vận mệnh dắt cái này vượt qua ngàn năm yêu thương. Thiếu nữ quen thuộc hết thảy, đều đã biến thành lịch sử. Thân bằng, hảo hữu, địch nhân, toàn bộ yên lặng tại 1,200 năm trước. Thiếu niên thì không giữ lại chút nào, mang theo thiếu nữ mở ra cuộc sống hoàn toàn mới. Thống khổ, mê mang, tiếng hoan hô, cười nói đều đem lưu tại cái này thế giới mới.",https://goctruyentranhvui16.com/image/ba-xa-nha-toi-den-tu-ngan-nam-truoc-0000901800-31-01-2025/1zAZCBy4YBs0H0ZKCjTBvyZ85ofSLSJUv?code=gtt-yes
Tu Tiên Trở Về Tại Vườn Trường - Phần 2,https://goctruyentranhvui16.com/truyen/tu-tien-tro-ve-tai-vuon-truong---phan-2,"Võ Thuật, Phiêu Lưu, Manhua, Hành Động","Tu tiên giới mạnh nhất Diêm La Tiên Tôn giáng lâm đô thị, tay đấm doanh quốc bát kỳ xà, chân đá tây phương vạn thần điện, trong nháy mắt linh khí khôi phục, phất phất tay tiên môn mở lại! Những kẻ từng làm nhục ta, lần này, tta bắt tất cả quỳ dưới chân!",https://goctruyentranhvui16.com/image/tu-tien-tro-ve-tai-vuon-truong---phan-2-0000883136-18-01-2025/1Syrui5eRMDSLEsO8KIuTEm1pSk2pDp4A?code=gtt-yes
Hồi Quy Gia,https://goctruyentranhvui16.com/truyen/hoi-quy-gia,"Huyền Bí, Phiêu Lưu, Manhwa, Siêu Nhiên, Leo Tháp, Game, Hành Động","[Bạn có muốn đảo ngược thời gian không? ] “Ngày 28 tháng 2 năm 1985. Ngày tôi được sinh ra.” Trong một tương lai không xa, trong một chiều không gian bị xé nát, quái vật xuất hiện và con người thức tỉnh. Một kỷ nguyên hỗn loạn nơi những kẻ thức tỉnh và quái vật bị cuốn vào nhau. Sau khi Nasun trở lại thời điểm anh được sinh ra trong cuộc khủng hoảng của cái chết ... ""Mọi người sẽ được cứu. Không ai bị lạc mất."" Trước khi ngày tận thế bắt đầu, Anh phải chuẩn bị xong mọi thứ bằng cách tích lũy của cải và tấn công các ngục tối trên khắp thế giới!",https://goctruyentranhvui16.com/image/hoi-quy-gia-0000352455-08-12-2022/1XC53CjnEMELwIM15XjXugj2Ty2I1x908?code=gtt-yes
