title,href
Trị Liệu Sư Quá Mạnh,https://goctruyentranhvui16.com/truyen/tri-lieu-su-qua-manh
Tôi Là Người Chơi Duy Nhất Đăng Nhập,https://goctruyentranhvui16.com/truyen/toi-la-nguoi-choi-duy-nhat-dang-nhap
Thợ Săn Chơi Thuốc,https://goctruyentranhvui16.com/truyen/tho-san-choi-thuoc
Con Đường Của Võ Giả,https://goctruyentranhvui16.com/truyen/con-duong-cua-vo-gia
Seoul Tử Linh Sư,https://goctruyentranhvui16.com/truyen/seoul-tu-linh-su
Ta Trời Sinh Đã Là Nhân Vật Phản Diện,https://goctruyentranhvui16.com/truyen/ta-troi-sinh-da-la-nhan-vat-phan-dien
Cậu Nhỏ Nhà Công Tước Là Sát Thủ Hồi Quy,https://goctruyentranhvui16.com/truyen/cau-nho-nha-cong-tuoc-la-sat-thu-hoi-quy
Hardcore Leveling Warrior: Earth Game,https://goctruyentranhvui16.com/truyen/hardcore-leveling-warrior--earth-game
Con Trai Út Nhà Ha Buk Paeng,https://goctruyentranhvui16.com/truyen/con-trai-ut-nha-ha-buk-paeng
Đại Phụng Đả Canh Nhân,https://goctruyentranhvui16.com/truyen/dai-phung-da-canh-nhan
Thiết Huyết Kiếm Sĩ Phục Thù,https://goctruyentranhvui16.com/truyen/thiet-huyet-kiem-si-phuc-thu
Thể Thao Cực Hạn,https://goctruyentranhvui16.com/truyen/the-thao-cuc-han
Tự Kỷ Luật Ta Đây Bất Khả Chiến Bại,https://goctruyentranhvui16.com/truyen/tu-ky-luat-ta-day-bat-kha-chien-bai
Bắt Đầu Với Trăm Vạn Minh Tệ,https://goctruyentranhvui16.com/truyen/bat-dau-voi-tram-van-minh-te
Thảm Họa Tử Linh Sư,https://goctruyentranhvui16.com/truyen/tham-hoa-tu-linh-su
Hành Tinh Quái Vật,https://goctruyentranhvui16.com/truyen/hanh-tinh-quai-vat
Toàn Dân Chuyển Chức: Duy Ta Vô Chức Tán Nhân,https://goctruyentranhvui16.com/truyen/toan-dan-chuyen-chuc--duy-ta-vo-chuc-tan-nhan
Buff May Mắn,https://goctruyentranhvui16.com/truyen/buff-may-man
Tôi Là Người Chơi Leo Tháp Một Mình,https://goctruyentranhvui16.com/truyen/toi-la-nguoi-choi-leo-thap-mot-minh
Diễn Viên Thiên Tài Mang Lại Bất Hạnh,https://goctruyentranhvui16.com/truyen/dien-vien-thien-tai-mang-lai-bat-hanh
Câu Lạc Bộ Truyện Ma,https://goctruyentranhvui16.com/truyen/cau-lac-bo-truyen-ma
Thần Khí Huyền Thoại Của Người Chơi Thiên Tài,https://goctruyentranhvui16.com/truyen/than-khi-huyen-thoai-cua-nguoi-choi-thien-tai
Thiên Ma 3077,https://goctruyentranhvui16.com/truyen/thien-ma-3077
Kẻ Thống Trị Kịch Bản,https://goctruyentranhvui16.com/truyen/ke-thong-tri-kich-ban
Hoạn Quan Hồi Quy: Tróc Phong Truy Nguyệt,https://goctruyentranhvui16.com/truyen/hoan-quan-hoi-quy--troc-phong-truy-nguyet
Nhà Hàng Âm Phủ,https://goctruyentranhvui16.com/truyen/nha-hang-am-phu
Truyền Võ,https://goctruyentranhvui16.com/truyen/truyen-vo
Máu lạnh,https://goctruyentranhvui16.com/truyen/mau-lanh
Đồ Đệ Của Ta Đều Là Đại Phản Phái,https://goctruyentranhvui16.com/truyen/do-de-cua-ta-deu-la-dai-phan-phai
Trở Lại Thành Người Chơi,https://goctruyentranhvui16.com/truyen/tro-lai-thanh-nguoi-choi
Chế Ngự Kiếm,https://goctruyentranhvui16.com/truyen/che-ngu-kiem
Phản Diện Tóc Vàng Trong Tiểu Thuyết Phượng Ngạo Thiên Cũng Muồn Hạnh Phúc,https://goctruyentranhvui16.com/truyen/phan-dien-toc-vang-trong-tieu-thuyet-phuong-ngao-thien-cung-muon-hanh-phuc
Xích Nguyệt,https://goctruyentranhvui16.com/truyen/xich-nguyet
Debut Or Die,https://goctruyentranhvui16.com/truyen/debut-or-die
Sức Mạnh Tối Đa? Ta Lại Là Vong Linh Sư!,https://goctruyentranhvui16.com/truyen/suc-manh-toi-da--ta-lai-la-vong-linh-su-
"Khởi Đầu Vật Giá Sụt Giảm, Ta Trở Thành Nhà Giàu Số Một Thế Giới!",https://goctruyentranhvui16.com/truyen/khoi-dau-vat-gia-sut-giam--ta-tro-thanh-nha-giau-so-mot-the-gioi-
Nguyên Lai Ta Là Tu Tiên Đại Lão,https://goctruyentranhvui16.com/truyen/nguyen-lai-ta-la-tu-tien-dai-lao
Xích Tâm Tuần Thiên,https://goctruyentranhvui16.com/truyen/xich-tam-tuan-thien
Xin Hãy Đọc,https://goctruyentranhvui16.com/truyen/xin-hay-doc
Toàn Dân Chuyển Chức: Ngự Long Sư Là Chức Nghiệp Yếu Nhất?,https://goctruyentranhvui16.com/truyen/toan-dan-chuyen-chuc--ngu-long-su-la-chuc-nghiep-yeu-nhat-
Làm Ơn Dừng Đức Giáo Hoàng Lại,https://goctruyentranhvui16.com/truyen/lam-on-dung-duc-giao-hoang-lai
Vương Triều Đen Tối Joseon,https://goctruyentranhvui16.com/truyen/vuong-trieu-den-toi-joseon
Đứa Trẻ Rắc Rối Của Ma Tháp,https://goctruyentranhvui16.com/truyen/dua-tre-rac-roi-cua-ma-thap
Helmut-Đứa Trẻ Bị Lãng Quên,https://goctruyentranhvui16.com/truyen/helmut-dua-tre-bi-lang-quen
Sự Trở Lại Của Đại Pháp Sư,https://goctruyentranhvui16.com/truyen/su-tro-lai-cua-dai-phap-su
Thiên Qua Thư Khố Đại Công Tử,https://goctruyentranhvui16.com/truyen/thien-qua-thu-kho-dai-cong-tu
Học Nhóm,https://goctruyentranhvui16.com/truyen/hoc-nhom
Cửa Hàng Diệu Kỳ,https://goctruyentranhvui16.com/truyen/cua-hang-dieu-ky
Thiên Tài Bình Dị,https://goctruyentranhvui16.com/truyen/thien-tai-binh-di
Đại Tướng Quân,https://goctruyentranhvui16.com/truyen/dai-tuong-quan
Nền Văn Minh Nebula,https://goctruyentranhvui16.com/truyen/nen-van-minh-nebula
Mạo Hiểm Giả Cuối Cùng,https://goctruyentranhvui16.com/truyen/mao-hiem-gia-cuoi-cung
Tôi Bị Hiểu Lầm Là Diễn Viên Thiên Tài Quái Vật,https://goctruyentranhvui16.com/truyen/toi-bi-hieu-lam-la-dien-vien-thien-tai-quai-vat
Anh Hùng Huyền Thoại Là Học Viên Danh Dự Của Học Viện,https://goctruyentranhvui16.com/truyen/anh-hung-huyen-thoai-la-hoc-vien-danh-du-cua-hoc-vien
Vô Tình Nhập Học,https://goctruyentranhvui16.com/truyen/vo-tinh-nhap-hoc
Học Viện Tối Thượng,https://goctruyentranhvui16.com/truyen/hoc-vien-toi-thuong
Tôi Chỉ Là Người Khuân Vác Trong Hầm Ngục,https://goctruyentranhvui16.com/truyen/toi-chi-la-nguoi-khuan-vac-trong-ham-nguc
Kim Chiến Sĩ: Hành Trình Xây Dựng Đặc Tính,https://goctruyentranhvui16.com/truyen/kim-chien-si--hanh-trinh-xay-dung-dac-tinh
Nhà Vô Địch Kalli,https://goctruyentranhvui16.com/truyen/nha-vo-dich-kalli
Hồi Quy Giả Của Gia Tộc Suy Vong,https://goctruyentranhvui16.com/truyen/hoi-quy-gia-cua-gia-toc-suy-vong
Bé Con Tái Xuất: Hành Trình Thành Vua Tài Phiệt!,https://goctruyentranhvui16.com/truyen/be-con-tai-xuat--hanh-trinh-thanh-vua-tai-phiet-
Ma Đạo Luân Hồi Ký,https://goctruyentranhvui16.com/truyen/ma-dao-luan-hoi-ky
Cao Võ: Hạ Cánh Đến Một Vạn Năm Sau,https://goctruyentranhvui16.com/truyen/cao-vo--ha-canh-den-mot-van-nam-sau
Anh Hùng Hồi Quy,https://goctruyentranhvui16.com/truyen/anh-hung-hoi-quy
Bạn Học Của Tôi Là Lính Đánh Thuê,https://goctruyentranhvui16.com/truyen/ban-hoc-cua-toi-la-linh-danh-thue
Võ Đang Kỳ Hiệp,https://goctruyentranhvui16.com/truyen/vo-dang-ky-hiep
Sát Thần Tu La,https://goctruyentranhvui16.com/truyen/sat-than-tu-la
Con Trai Út Của Gia Đình Kiếm Thuật Danh Tiếng,https://goctruyentranhvui16.com/truyen/con-trai-ut-cua-gia-dinh-kiem-thuat-danh-tieng
Hóa Ra Ta Sớm Đã Vô Địch,https://goctruyentranhvui16.com/truyen/hoa-ra-ta-som-da-vo-dich
Quỷ Vương,https://goctruyentranhvui16.com/truyen/quy-vuong
Sống Sót Qua Ngày Tận Thế,https://goctruyentranhvui16.com/truyen/song-sot-qua-ngay-tan-the
Kiếm Sĩ Thiên Tài Của Học Viện,https://goctruyentranhvui16.com/truyen/kiem-si-thien-tai-cua-hoc-vien
Thiên Hạ Đệ Nhất Côn Luân Khách Điếm,https://goctruyentranhvui16.com/truyen/thien-ha-de-nhat-con-luan-khach-diem
Tuyệt Thế Võ Thần,https://goctruyentranhvui16.com/truyen/tuyet-the-vo-than
Tiền Đạo Số 1,https://goctruyentranhvui16.com/truyen/tien-dao-so-1
Người Chơi Che Giấu Quá Khứ,https://goctruyentranhvui16.com/truyen/nguoi-choi-che-giau-qua-khu
Huấn Luyện Viên Murim Thiên Tài,https://goctruyentranhvui16.com/truyen/huan-luyen-vien-murim-thien-tai
Đại Quản Gia Là Ma Hoàng,https://goctruyentranhvui16.com/truyen/dai-quan-gia-la-ma-hoang
Tuyệt Thế Quân Lâm,https://goctruyentranhvui16.com/truyen/tuyet-the-quan-lam
Vạn Cổ Tối Cường Tông,https://goctruyentranhvui16.com/truyen/van-co-toi-cuong-tong
Quý Tộc Báo Thù,https://goctruyentranhvui16.com/truyen/quy-toc-bao-thu
Công Tử Thực Sự Quá Chính Nghĩa,https://goctruyentranhvui16.com/truyen/cong-tu-thuc-su-qua-chinh-nghia
Troll Bá Nhất Thế Giới,https://goctruyentranhvui16.com/truyen/troll-ba-nhat-the-gioi
Luật Thanh Niên,https://goctruyentranhvui16.com/truyen/luat-thanh-nien
Thợ Săn Mosin,https://goctruyentranhvui16.com/truyen/tho-san-mosin
Trở Thành Thiên Tài Tốc Biến Của Học Viện Ma Pháp,https://goctruyentranhvui16.com/truyen/tro-thanh-thien-tai-toc-bien-cua-hoc-vien-ma-phap
Sức Mạnh Của Ác Thần,https://goctruyentranhvui16.com/truyen/suc-manh-cua-ac-than
Bà Xã Nhà Tôi Đến Từ Ngàn Năm Trước,https://goctruyentranhvui16.com/truyen/ba-xa-nha-toi-den-tu-ngan-nam-truoc
Tu Tiên Trở Về Tại Vườn Trường - Phần 2,https://goctruyentranhvui16.com/truyen/tu-tien-tro-ve-tai-vuon-truong---phan-2
Hồi Quy Gia,https://goctruyentranhvui16.com/truyen/hoi-quy-gia
